sku_id,split
1000100698,train
1000226316,train
10002990,dev
1000304279,test
1000344085,train
1000432099,train
1000486377,train
1000510072,test
1000516011,train
1000566827,train
1000656051,dev
1000710367,test
1000749660,dev
1000802081,train
1000813567,train
1000827279,dev
1000894002,test
1000914264,train
10009275,test
10009367,train
1000940992,dev
1000943999,dev
1000988218,test
1000991449,test
10010264,dev
1001068351,train
1001135174,train
1001173315,train
1001306530,train
1001405249,train
1001470657,dev
1001573296,train
1001787666,train
1001815828,test
1001961770,dev
1002004030,dev
100210306,train
1002116588,dev
1002262631,train
1002383316,test
1002448096,train
1002466685,dev
1002477949,train
1002529896,train
1002764793,train
100284616,train
1002955702,dev
1003114233,dev
1003131245,test
1003718169,test
1003718780,train
1003734206,train
1003791286,train
1003836376,train
1003849840,train
1003928100,train
100396517,train
1004003226,train
1004027521,train
1004037245,test
1004095894,dev
1004112793,dev
1004119226,dev
1004308646,test
1004325127,train
1004348272,dev
1004349662,train
1004356249,train
1004391575,train
1004407078,test
1004487837,test
1004541447,train
1004565332,train
1004631086,train
1004631693,train
1004640309,train
1004645190,train
1004705514,train
1004713348,test
1004714356,dev
1004734175,train
1004831113,dev
1004831795,dev
1004889750,train
1004910390,test
1004948076,train
1004966952,test
1005016844,dev
1005016936,train
1005041692,train
10050777,train
1005088488,train
1005091224,train
1005215657,train
1005219309,train
1005228770,train
1005824008,train
1005869287,dev
1005930651,train
1006224395,train
1006406967,train
1006463432,train
1006566889,test
1006567210,test
1006567524,train
1006702246,dev
1006719512,train
1006770215,test
1006795457,train
1006802952,train
1006812831,test
1006832588,dev
1006920705,test
1006933433,train
1007072946,train
1007110894,train
1007263397,dev
1007269766,train
1007305135,train
1007351158,train
1007430073,test
1007601865,train
1007619248,train
1007638966,train
1007702991,train
1007723013,train
1007834837,dev
1007854298,train
1007887906,test
1007927304,dev
1007951351,train
1007968621,dev
1007968663,train
1008030002,test
1008060154,test
1008108874,train
1008117261,dev
1008123154,dev
1008139572,train
1008146381,train
1008150748,train
1018367358,test
1018386053,test
1018515978,dev
1030982510,dev
1033449824,train
1034377526,dev
1038660793,dev
1040469080,test
1041858355,dev
1041889119,test
1042748759,dev
1043504899,dev
1054347099,train
109882955,train
145887335,train
203946453,test
20600327,test
337516604,test
338115436,dev
349325893,test
373448609,train
373471311,dev
373583216,test
373719161,train
383335008,dev
397234750,train
408247093,dev
421406791,test
448380388,test
458872379,dev
460220581,test
4786315,test
485370881,dev
489403563,dev
49423877,dev
495736186,dev
50518353,train
515358217,dev
524461375,dev
524738170,test
53772127,test
55613066,train
56070791,train
641603268,train
688740747,dev
703171863,test
74341317,train
756810987,test
782605478,train
896030834,test
919472103,train
canonical:2020005054080,train
canonical:3292482220046,train
canonical:3292482520016,train
canonical:3600520752778,train
canonical:3700749300023,train
canonical:3700749300115,train
canonical:4779033974218,train
canonical:7314720732046,train
canonical:3248652710213,train
canonical:3250392595319,train
canonical:3450970138567,train
canonical:5430004017226,train
augmentation:13294,train
augmentation:13295,train
augmentation:13296,train
augmentation:13297,train
augmentation:13298,train
augmentation:13313,train
