brand_class,rows,mean_score,mean_ratio,mean_tfidf_cosine_char,is_true_hard_negative,is_brand_field_defect,resolves_under_normalisation
absent_both,0,0.0,0.0,0.0,False,False,False
absent_source,0,0.0,0.0,0.0,False,False,False
absent_target,0,0.0,0.0,0.0,False,False,False
same_brand_verified,197,0.6936211997482378,100.0,1.0,False,False,False
surface_variant_same_brand,0,0.0,0.0,0.0,False,False,True
brand_field_defect,8,0.6793239489197731,21.913859852884244,0.005989376742127756,False,True,False
evidence_disagreement,4,0.7050164490938187,29.027777777777775,0.03949341873126272,False,False,False
different_brand_verified_hard_negative,246,0.6692075416809176,24.825263377660367,0.02130160605662715,True,False,False
different_brand_unverified_hard_negative,130,0.665918632195546,22.979733719394357,0.008621080652686703,True,False,False
