source_brand,target_brand,brand_class,pair_rows,mean_ratio,mean_tfidf_cosine_char,mean_score,source_brand_corpus_rows,target_brand_corpus_rows
Big 8,Peapod,distinct_brand_true_hard_negative,4,0.0,0.0,0.6820098310709,104,96
Everfresh,Xyience,distinct_brand_true_hard_negative,2,25.0,0.0,0.6715777218341827,33,19
North Coast,Central Market,distinct_brand_true_hard_negative,2,40.0,0.016968204832236995,0.7047917246818542,48,1
BOB,Prosain,distinct_brand_true_hard_negative,2,19.999999999999996,0.0,0.7130788862705231,85,8
Peace Tea,Seven Teas,distinct_brand_true_hard_negative,2,63.1578947368421,0.13820764785688816,0.6117799282073975,232,10
Rougemont,Bravo,distinct_brand_true_hard_negative,2,28.57142857142857,0.0,0.6466220319271088,41,34
Farm Boy,Rieme,distinct_brand_true_hard_negative,2,30.76923076923077,0.0,0.7221579253673553,143,7
Thick- It,Thick & Easy,partial_overlap_needs_review,2,66.66666666666667,0.3874385817149699,0.6856217980384827,99,25
Cemilefendi,Cemil,containment_or_truncation,2,62.5,0.44505390742118434,0.6921949982643127,110,2
Mr. Fitzpatrick's,Fiovana,distinct_brand_true_hard_negative,2,26.086956521739136,0.05343081790713022,0.7196003198623657,34,3
Pure,True North,distinct_brand_true_hard_negative,2,28.57142857142857,0.013111392885488769,0.7312420010566711,18,6
Ekobryggeriet,Recoaro,distinct_brand_true_hard_negative,2,30.000000000000004,0.0,0.651011049747467,68,7
Montellier,Stewart's,distinct_brand_true_hard_negative,2,31.57894736842105,0.012258007827222113,0.7225960791110992,83,21
Ethiquable,Fruity King,distinct_brand_true_hard_negative,2,19.047619047619047,0.0,0.7147485911846161,124,35
Peace Tea,Wicky,distinct_brand_true_hard_negative,1,14.28571428571429,0.0,0.6672309637069702,232,28
Plein fruit,Clear American,distinct_brand_true_hard_negative,1,40.0,0.019305185014970687,0.6097532510757446,25,5
Pip Organic,Cevita,distinct_brand_true_hard_negative,1,23.529411764705888,0.0,0.6208961009979248,63,36
Pip Organic,4Bro,distinct_brand_true_hard_negative,1,13.33333333333333,0.0,0.6372283697128296,63,12
Piacelli,Premier,distinct_brand_true_hard_negative,1,40.0,0.012029684809820347,0.7494990825653076,15,121
Phocus,Machu Picchu,distinct_brand_true_hard_negative,1,33.333333333333336,0.007951380884830946,0.5891154408454895,6,9
Pedras Salgadas,Olvi,distinct_brand_true_hard_negative,1,10.526315789473683,0.0,0.7070010900497437,61,52
Ozarka,Hildon,distinct_brand_true_hard_negative,1,16.666666666666664,0.0,0.7080534100532532,196,5
Ozarka,Rieme,distinct_brand_true_hard_negative,1,18.181818181818176,0.0,0.5660333037376404,196,7
Peace Tea,Bravo,distinct_brand_true_hard_negative,1,14.28571428571429,0.0,0.5563480257987976,232,34
PLj,Tasting Good,distinct_brand_true_hard_negative,1,0.0,0.0,0.7053819298744202,25,10
Ozarka,Loviseberg Råsaft,distinct_brand_true_hard_negative,1,26.086956521739136,0.0,0.5836677551269531,196,36
Oze,Lakanto,distinct_brand_true_hard_negative,1,19.999999999999996,0.0,0.6648656129837036,222,14
Ozarka,Villi,distinct_brand_true_hard_negative,1,0.0,0.0,0.6810086965560913,196,25
Ozarka,Strike Force,distinct_brand_true_hard_negative,1,22.22222222222222,0.0,0.6568800210952759,196,13
Ozarka,Römerquelle,distinct_brand_true_hard_negative,1,23.529411764705888,0.0,0.6108583807945251,196,25
Oze,What A Melon,distinct_brand_true_hard_negative,1,13.33333333333333,0.0,0.7033050656318665,222,3
226ers,PowerBar,distinct_brand_true_hard_negative,1,28.57142857142857,0.009696061105458379,0.6694165468215942,96,17
Plenish,Beebad,distinct_brand_true_hard_negative,1,15.384615384615385,0.0,0.6172597408294678,30,5
Produits U,Fruity King,distinct_brand_true_hard_negative,1,47.61904761904761,0.06242351062329099,0.6785687208175659,33,35
Puhdistamo,Clean Drink,distinct_brand_true_hard_negative,1,19.047619047619047,0.0,0.6879997849464417,123,29
Publix,Splenda,distinct_brand_true_hard_negative,1,30.76923076923077,0.0,0.5843260288238525,239,15
Publix,Pakola,distinct_brand_true_hard_negative,1,33.333333333333336,0.013881481399403414,0.7045034170150757,239,3
Publix,Nature's Promise,distinct_brand_true_hard_negative,1,18.181818181818176,0.00911584742182061,0.5719519257545471,239,9
Proviva,The Juice Company,distinct_brand_true_hard_negative,1,16.666666666666664,0.0,0.7336503863334656,222,22
Proviant,La Casera,distinct_brand_true_hard_negative,1,23.529411764705888,0.0,0.6913022994995117,47,32
Proud Source,Open Water,distinct_brand_true_hard_negative,1,27.27272727272727,0.0,0.6978589296340942,144,5
Produits U,Bravo,distinct_brand_true_hard_negative,1,26.66666666666667,0.0,0.7090198993682861,33,34
President's Choice,Garant,distinct_brand_true_hard_negative,1,25.0,0.015010934372793345,0.7117825746536255,259,63
Private Selection,Bizzy,distinct_brand_true_hard_negative,1,9.090909090909093,0.0,0.5912632346153259,36,6
Private Selection,Bio Primo,distinct_brand_true_hard_negative,1,30.76923076923077,0.11155449492713904,0.7025917768478394,36,13
Princes,Mehukatti,distinct_brand_true_hard_negative,1,12.5,0.0,0.7222020030021667,34,42
President's Choice,Teinacher,distinct_brand_true_hard_negative,1,44.44444444444444,0.012263650644551654,0.563906192779541,259,4
President's Choice,Peapod,distinct_brand_true_hard_negative,1,25.0,0.01001774744139923,0.6893531680107117,259,96
Organic Health,Watt's,distinct_brand_true_hard_negative,1,19.999999999999996,0.0,0.5697254538536072,62,3
President's Choice,Hildon,distinct_brand_true_hard_negative,1,25.0,0.0,0.6878150701522827,259,5
President's Choice,Kas,distinct_brand_true_hard_negative,1,9.523809523809524,0.01171382644828802,0.7225674390792847,259,17
Organic Health,NatureWorks,distinct_brand_true_hard_negative,1,24.0,0.009995117065884757,0.5756370425224304,62,1
Organic Health,Taksi,distinct_brand_true_hard_negative,1,21.052631578947366,0.0,0.6196995973587036,62,21
No 1 Living,Kist,distinct_brand_true_hard_negative,1,13.33333333333333,0.0,0.5943636894226074,25,3
Niehoffs Vaihinger,Garant,distinct_brand_true_hard_negative,1,16.666666666666664,0.0,0.6630674600601196,51,63
Niehoffs Vaihinger,Cherry Good,distinct_brand_true_hard_negative,1,20.68965517241379,0.005932677838167878,0.6595726013183594,51,2
Nestlé,Recover 180,distinct_brand_true_hard_negative,1,23.529411764705888,0.0,0.5790824294090271,19,6
Nesfruta,ebe,distinct_brand_true_hard_negative,1,18.181818181818176,0.0,0.6403518319129944,33,27
Nesfruta,Sanavi,distinct_brand_true_hard_negative,1,28.57142857142857,0.0,0.6528239250183105,33,9
Naya,Hella,distinct_brand_true_hard_negative,1,22.22222222222222,0.016161170405724682,0.6905859112739563,45,32
Naya,Eska,distinct_brand_true_hard_negative,1,25.0,0.01928975736315822,0.6679039001464844,45,18
Nature Blessed,Zing Zang,distinct_brand_true_hard_negative,1,17.391304347826086,0.0,0.6526403427124023,15,8
Nature Blessed,L&A,distinct_brand_true_hard_negative,1,11.764705882352944,0.0,0.7402104139328003,15,11
Natural Brew,Starbucks Frappuccino Vanilla,distinct_brand_true_hard_negative,1,24.390243902439025,0.006244485187071233,0.6339600682258606,21,10
Natur pur,Monoprix,distinct_brand_true_hard_negative,1,35.29411764705882,0.0,0.6989985704421997,2,15
Naren,Arifoglu,distinct_brand_true_hard_negative,1,30.76923076923077,0.012113579260967228,0.7448841333389282,57,4
NONAGE,Achillea,distinct_brand_true_hard_negative,1,28.57142857142857,0.0,0.6043609380722046,2,7
Mug,SoBe,distinct_brand_true_hard_negative,1,0.0,0.0,0.6558126211166382,57,14
Mr. Fitzpatrick's,Chaudfontaine,distinct_brand_true_hard_negative,1,27.586206896551722,0.0,0.6445531845092773,34,20
Moulin de Valdonne,Davincii,distinct_brand_true_hard_negative,1,23.076923076923073,0.017333113497466947,0.6326526403427124,172,12
Montellier,Deit,distinct_brand_true_hard_negative,1,28.57142857142857,0.0,0.61932373046875,83,14
Mont Roucous,Mont,containment_or_truncation,1,50.0,0.4993138145216963,0.6797471046447754,63,8
Monoprix,Sirop Sport,distinct_brand_true_hard_negative,1,31.57894736842105,0.024374968932310215,0.7247811555862427,144,10
Niehoffs Vaihinger,Wesergold,distinct_brand_true_hard_negative,1,29.629629629629626,0.006203052345053962,0.605932354927063,51,6
North Coast,Plezi,distinct_brand_true_hard_negative,1,0.0,0.0,0.7151222229003906,48,6
Organic Health,QNT,distinct_brand_true_hard_negative,1,23.529411764705888,0.0,0.585379958152771,62,11
North Water,Imsdal,distinct_brand_true_hard_negative,1,11.764705882352944,0.0,0.5543555021286011,7,13
Organic Health,Obsthof Retter,distinct_brand_true_hard_negative,1,28.57142857142857,0.02234934986336031,0.5928882360458374,62,16
QNT,Rheinfels Quelle,distinct_brand_true_hard_negative,1,10.526315789473683,0.03552215532796482,0.6817042231559753,62,21
Organic Health,Cevita,distinct_brand_true_hard_negative,1,30.000000000000004,0.0,0.5868442058563232,62,36
Organic Health,BioToday,distinct_brand_true_hard_negative,1,18.181818181818176,0.0,0.6100168824195862,62,11
Orange Crush,SoBe,distinct_brand_true_hard_negative,1,25.0,0.00936282597043902,0.7082573175430298,43,14
Olympos,Prosain,distinct_brand_true_hard_negative,1,42.85714285714286,0.02379280620049714,0.6741109490394592,114,8
Olympos,Aroniasaft,distinct_brand_true_hard_negative,1,23.529411764705888,0.0,0.7358275651931763,114,4
Ogeu,El Corte Inglés,distinct_brand_true_hard_negative,1,31.57894736842105,0.0,0.6095176935195923,32,72
Odwalla,Protein Water,distinct_brand_true_hard_negative,1,30.000000000000004,0.02041007107441098,0.6611813306808472,57,3
Odwalla,Deep RiverRock,distinct_brand_true_hard_negative,1,9.523809523809524,0.0,0.5756303071975708,57,12
Oca,A SHOC,distinct_brand_true_hard_negative,1,44.44444444444444,0.0742556338073022,0.7455943822860718,23,7
Obsthof Retter,Smart Juice,distinct_brand_true_hard_negative,1,31.999999999999996,0.0,0.7007869482040405,36,14
Obsesso,Peet's Coffee,distinct_brand_true_hard_negative,1,30.000000000000004,0.0,0.6182699203491211,146,12
Obsesso,Njie,distinct_brand_true_hard_negative,1,18.181818181818176,0.0,0.7098200917243958,146,22
Obsesso,Coldpress,distinct_brand_true_hard_negative,1,50.0,0.05743131934260487,0.6636512279510498,146,16
Obrilo,ESN,distinct_brand_true_hard_negative,1,0.0,0.0,0.6272433400154114,17,16
O Organics,amazon,distinct_brand_true_hard_negative,1,25.0,0.0,0.7287690043449402,109,3
Nygårda,Apotekarnes,distinct_brand_true_hard_negative,1,22.22222222222222,0.0,0.702692985534668,137,26
Nutramino,Clean Drink,distinct_brand_true_hard_negative,1,40.0,0.010426806683511492,0.7312920093536377,57,29
PureThé,Fresh Tea,distinct_brand_true_hard_negative,1,50.0,0.015447742978973278,0.7494626045227051,23,12
Qwell,Ramlösa,distinct_brand_true_hard_negative,1,16.666666666666664,0.0,0.6156609654426575,8,69
Quellbrunn,Chaudfontaine,distinct_brand_true_hard_negative,1,26.086956521739136,0.0,0.5572917461395264,25,20
Tradition,Bebivita,distinct_brand_true_hard_negative,1,23.529411764705888,0.013168683456560519,0.7025524973869324,106,18
Ting,Dg,brand_present_only_in_title,1,33.333333333333336,0.060945771251272415,0.7112357020378113,28,3
Thonon,Mondariz,distinct_brand_true_hard_negative,1,28.57142857142857,0.02848634789402958,0.697468638420105,24,8
Thirsty Planet,Trocadero,distinct_brand_true_hard_negative,1,34.78260869565217,0.008749654300066073,0.6884309649467468,138,32
Thirsty Planet,Hampstead Tea,distinct_brand_true_hard_negative,1,37.03703703703704,0.01653562672536539,0.5792698264122009,138,4
The Gutsy Captain,4Bro,distinct_brand_true_hard_negative,1,0.0,0.0,0.7467118501663208,38,12
Teavana,Kiju Organic,distinct_brand_true_hard_negative,1,21.052631578947366,0.01156375636508619,0.601696252822876,83,4
Tea Zone,Buddha Bubbles Boba,distinct_brand_true_hard_negative,1,22.22222222222222,0.012545722580327998,0.6461811065673828,30,22
Tas,Chaudfontaine,distinct_brand_true_hard_negative,1,25.0,0.02043859501786175,0.7218508720397949,73,20
Tang,L&A,distinct_brand_true_hard_negative,1,28.57142857142857,0.0,0.5876448154449463,191,11
Sweetbird,George's,distinct_brand_true_hard_negative,1,23.529411764705888,0.0,0.629118800163269,50,7
Super Drink,NOS,distinct_brand_true_hard_negative,1,14.28571428571429,0.0,0.674734354019165,116,29
Sunmagic,Mr. Fitzpatrick's,distinct_brand_true_hard_negative,1,33.333333333333336,0.009020611100236333,0.7297930717468262,26,2
Sunita,Paradise,distinct_brand_true_hard_negative,1,14.28571428571429,0.0,0.681390106678009,147,1
Sunita,Hysope,distinct_brand_true_hard_negative,1,16.666666666666664,0.0,0.7234011888504028,147,11
Sun-Rype,Real Ketones,distinct_brand_true_hard_negative,1,19.999999999999996,0.0,0.6205024719238281,149,6
Sun-Rype,Lerum,distinct_brand_true_hard_negative,1,15.384615384615385,0.0,0.6890594959259033,149,21
Sun Quench,DubbelFrisss,distinct_brand_true_hard_negative,1,18.181818181818176,0.0,0.6215397119522095,30,52
Strike Force,Sunberry,distinct_brand_true_hard_negative,1,30.000000000000004,0.008422685508089741,0.6630978584289551,49,7
Stift,Vers Sap,distinct_brand_true_hard_negative,1,15.384615384615385,0.0145499492050203,0.6853787302970886,26,16
Torku,Vitaorganic,distinct_brand_true_hard_negative,1,37.5,0.014456388734409154,0.5993080139160156,37,6
Tradition,Get More,distinct_brand_true_hard_negative,1,23.529411764705888,0.0,0.7466426491737366,106,25
Stift,Jeden Tag,distinct_brand_true_hard_negative,1,14.28571428571429,0.0,0.6413813233375549,26,7
True North,Yerbae,distinct_brand_true_hard_negative,1,25.0,0.008220821061866312,0.737774133682251,50,21
Zingo,Kas,distinct_brand_true_hard_negative,1,0.0,0.0,0.7426686882972717,81,17
Zafer,Çamlica,distinct_brand_true_hard_negative,1,16.666666666666664,0.0,0.6964164972305298,31,20
Yedigun,Rieme,distinct_brand_true_hard_negative,1,16.666666666666664,0.0,0.6886814832687378,86,7
Yedigun,Flawsome!,distinct_brand_true_hard_negative,1,13.33333333333333,0.0,0.5842125415802002,86,6
William Fox,Frucci,distinct_brand_true_hard_negative,1,11.764705882352944,0.012209203862006504,0.6463991403579712,69,31
Whole Foods Market,Lete,distinct_brand_true_hard_negative,1,27.27272727272727,0.03969212842668812,0.6629717946052551,95,4
Wellsley Farms,Zephyrhills,distinct_brand_true_hard_negative,1,31.999999999999996,0.05050772592998069,0.6970130205154419,34,2
Well,Jif,distinct_brand_true_hard_negative,1,0.0,0.0,0.6041831970214844,35,3
Wandering Bear,Barissimo,distinct_brand_true_hard_negative,1,26.086956521739136,0.022889057943598974,0.6693623065948486,147,2
Vitalhaus,Aroniasaft,distinct_brand_true_hard_negative,1,31.57894736842105,0.0,0.7225972414016724,134,4
Vida,Ramlösa,distinct_brand_true_hard_negative,1,18.181818181818176,0.014225716879953026,0.6496313810348511,9,69
Vibe,Ekotrebol,distinct_brand_true_hard_negative,1,15.384615384615385,0.0,0.7135632038116455,6,8
Venom,NOS,distinct_brand_true_hard_negative,1,50.0,0.04571662671472414,0.6961359977722168,58,29
Venom,Full Throttle,distinct_brand_true_hard_negative,1,11.111111111111116,0.0,0.7315959930419922,58,10
Valensina,Caresse Antillaise,distinct_brand_true_hard_negative,1,37.03703703703704,0.0,0.6716177463531494,97,20
Uptime,Bloom,distinct_brand_true_hard_negative,1,18.181818181818176,0.0,0.7271696329116821,88,8
United Sodas of America,Bawls,distinct_brand_true_hard_negative,1,14.28571428571429,0.006169713011572127,0.6224288940429688,18,22
Turkey Hill,Splenda,distinct_brand_true_hard_negative,1,11.111111111111116,0.0,0.5887358784675598,125,15
Turkey Hill,Fit,distinct_brand_true_hard_negative,1,14.28571428571429,0.0,0.6660387516021729,125,3
Stift,Rheinfels Quelle,distinct_brand_true_hard_negative,1,19.047619047619047,0.0,0.6336171627044678,26,21
Stift,Fun,distinct_brand_true_hard_negative,1,25.0,0.0,0.6430673003196716,26,46
Quellbrunn,Rheinfels Quelle,distinct_brand_true_hard_negative,1,38.46153846153846,0.24691822667486504,0.7491661310195923,25,21
Sade Organik,Moloko,distinct_brand_true_hard_negative,1,22.22222222222222,0.0,0.6967552900314331,73,2
SEK,Fiuggi,distinct_brand_true_hard_negative,1,0.0,0.0,0.7361383438110352,30,8
S Pellegrino,Nutramino,distinct_brand_true_hard_negative,1,38.095238095238095,0.11200795248193862,0.6742042899131775,78,10
S Pellegrino,Hartridges,distinct_brand_true_hard_negative,1,18.181818181818176,0.013959506570292504,0.6397516131401062,78,9
Römerquelle,Frusano,distinct_brand_true_hard_negative,1,22.22222222222222,0.0,0.6530364155769348,74,5
Réal,Realemon,containment_or_truncation,1,66.66666666666667,0.03021976747073251,0.663095235824585,102,4
Rotbäckchen,Produits U,distinct_brand_true_hard_negative,1,28.57142857142857,0.009676212840575809,0.6596027612686157,36,3
River,S-BUDGET,distinct_brand_true_hard_negative,1,15.384615384615385,0.0,0.7264772653579712,68,5
River,Kiviks Musteri,distinct_brand_true_hard_negative,1,42.10526315789473,0.05105787921847578,0.6947551965713501,68,59
River,Kist,distinct_brand_true_hard_negative,1,22.22222222222222,0.0,0.6603811979293823,68,3
Rip It,NOS,distinct_brand_true_hard_negative,1,0.0,0.0,0.6712314486503601,25,29
Repp,3D,distinct_brand_true_hard_negative,1,0.0,0.0,0.745405375957489,16,17
Relentless,Cult,distinct_brand_true_hard_negative,1,28.57142857142857,0.0,0.7339389324188232,118,22
Raptor,NOS,distinct_brand_true_hard_negative,1,22.22222222222222,0.0,0.7074326276779175,11,29
Radnor,Rainbow,distinct_brand_true_hard_negative,1,61.53846153846154,0.05702225133649898,0.6373292207717896,100,81
RC Cola,Peapod,distinct_brand_true_hard_negative,1,15.384615384615385,0.0,0.7375117540359497,73,96
RC Cola,Live,distinct_brand_true_hard_negative,1,18.181818181818176,0.0,0.7471294403076172,73,21
R Whites,Tuborg,distinct_brand_true_hard_negative,1,14.28571428571429,0.0,0.6877719163894653,65,19
Mockingbird,Proviva,distinct_brand_true_hard_negative,1,22.22222222222222,0.0,0.6511409282684326,57,41
Quézac,Olvi,distinct_brand_true_hard_negative,1,0.0,0.0,0.6538415551185608,44,52
Sade Organik,Lichtenauer,distinct_brand_true_hard_negative,1,26.086956521739136,0.0,0.5862365961074829,73,13
Sade Organik,Prosain,distinct_brand_true_hard_negative,1,31.57894736842105,0.02315037007663439,0.7227866649627686,73,8
Stewart's,River,brand_present_only_in_title,1,28.57142857142857,0.0,0.7230693101882935,153,2
Saka,Babylove,distinct_brand_true_hard_negative,1,16.666666666666664,0.0,0.6769604682922363,62,6
Starry,Jocko,distinct_brand_true_hard_negative,1,0.0,0.0,0.6823219656944275,221,15
Sprecher,Hi Ball,distinct_brand_true_hard_negative,1,13.33333333333333,0.0,0.6670379638671875,93,5
Splash Blast,Selters,distinct_brand_true_hard_negative,1,31.57894736842105,0.007983925641874673,0.6030548214912415,60,6
Spezi,Paulaner,distinct_brand_true_hard_negative,1,30.76923076923077,0.0,0.6472684144973755,17,5
Sourcy,Healsi,distinct_brand_true_hard_negative,1,16.666666666666664,0.0,0.6499419212341309,224,9
Soleil,Nixie,distinct_brand_true_hard_negative,1,18.181818181818176,0.0,0.7004007697105408,45,16
Slush Puppie,Blue Keld,distinct_brand_true_hard_negative,1,38.095238095238095,0.03103567340603733,0.6097511053085327,21,14
Slimpie,The Juice Company,distinct_brand_true_hard_negative,1,25.0,0.037027640492489564,0.7319657802581787,106,22
Slimpie,Sicilia,distinct_brand_true_hard_negative,1,42.85714285714286,0.025534324114448684,0.7186071872711182,106,4
Slimpie,Morga,distinct_brand_true_hard_negative,1,16.666666666666664,0.0,0.707939624786377,106,19
Skinny Mixes,Ralph's,distinct_brand_true_hard_negative,1,21.052631578947366,0.007007541933766413,0.6542105674743652,25,14
Skinny Mixes,Nu Naturals,distinct_brand_true_hard_negative,1,26.086956521739136,0.00643199473458275,0.6332917213439941,25,8
Sir Up,Paquito,distinct_brand_true_hard_negative,1,15.384615384615385,0.0,0.6922074556350708,51,11
Sir Up,Kampos Chioy,distinct_brand_true_hard_negative,1,22.22222222222222,0.0,0.7091174721717834,51,10
Sir Up,Hip Syrups,distinct_brand_true_hard_negative,1,50.0,0.07677452500258702,0.7410652041435242,51,17
Sir Up,Almdudler,distinct_brand_true_hard_negative,1,13.33333333333333,0.014794118106847446,0.6384375095367432,51,9
Savia,Roosvicee,distinct_brand_true_hard_negative,1,42.85714285714286,0.016508837999165908,0.6682584285736084,35,33
Saol Vitamin Water,MIXXD,distinct_brand_true_hard_negative,1,17.391304347826086,0.015626759408145664,0.7247594594955444,121,4
Sambazon,Frannie's,distinct_brand_true_hard_negative,1,23.529411764705888,0.0,0.6503177285194397,46,18
Monchique,Mondariz,distinct_brand_true_hard_negative,1,47.05882352941176,0.09295539551289611,0.6475826501846313,24,8
Migros,Reflet de France,distinct_brand_true_hard_negative,1,9.090909090909093,0.0,0.6521415114402771,74,7
Mix,VUE,brand_present_only_in_title,1,0.0,0.0,0.655884861946106,64,3
Creative Roots,Fruity King,distinct_brand_true_hard_negative,1,24.0,0.0,0.6617938280105591,42,35
Country Club,Royal Soda,distinct_brand_true_hard_negative,1,27.27272727272727,0.0,0.5669402480125427,8,4
Cool Best,Frulite,distinct_brand_true_hard_negative,1,25.0,0.0,0.6482601761817932,234,7
Community Coffee,Lucky Jack,distinct_brand_true_hard_negative,1,30.76923076923077,0.0077533328506737414,0.6709548830986023,37,8
Collins,Barsmith,distinct_brand_true_hard_negative,1,13.33333333333333,0.0,0.6224530935287476,28,13
Cold Brew Tea,Swoon,distinct_brand_true_hard_negative,1,11.111111111111116,0.0,0.7032579779624939,10,6
Clive's Fruit Farm,Marcel,distinct_brand_true_hard_negative,1,16.666666666666664,0.010861316025833167,0.7022591829299927,15,33
Clive's Fruit Farm,Actiph,distinct_brand_true_hard_negative,1,16.666666666666664,0.0,0.6930993795394897,15,4
Clever,Premier,distinct_brand_true_hard_negative,1,46.15384615384615,0.05397253151157293,0.7136260867118835,44,121
Clever,Alnavit,distinct_brand_true_hard_negative,1,30.76923076923077,0.0,0.6517596244812012,44,19
Clearly Canadian,Recess,distinct_brand_true_hard_negative,1,18.181818181818176,0.0,0.7424793839454651,220,17
Cidou,Çamlica,distinct_brand_true_hard_negative,1,33.333333333333336,0.0,0.6998294591903687,62,20
Cidou,Reflet de France,distinct_brand_true_hard_negative,1,9.523809523809524,0.0,0.6720783710479736,62,7
Cido,Eager,distinct_brand_true_hard_negative,1,0.0,0.0,0.6238508820533752,1,5
Christinen,Premier,distinct_brand_true_hard_negative,1,35.29411764705882,0.0,0.683695912361145,34,121
Christinen,Alkaline88,distinct_brand_true_hard_negative,1,30.000000000000004,0.039692935667154455,0.6833904981613159,34,18
Cheribundi,Brämhults,distinct_brand_true_hard_negative,1,21.052631578947366,0.0,0.5990955829620361,96,68
Carola,Imsdal,distinct_brand_true_hard_negative,1,33.333333333333336,0.0,0.557998538017273,48,13
Caresse Antillaise,Wesergold,distinct_brand_true_hard_negative,1,29.629629629629626,0.032428461665464425,0.7288393974304199,62,6
Cal Valls,Raikastamo,distinct_brand_true_hard_negative,1,31.57894736842105,0.0,0.6570419669151306,181,37
Cove,Rowdy Mermaid,distinct_brand_true_hard_negative,1,23.529411764705888,0.0,0.7164210677146912,50,9
D'Arbo,Meneau,distinct_brand_true_hard_negative,1,16.666666666666664,0.0,0.6456590890884399,77,40
Caffe D'Vita,Starbucks Frappuccino Vanilla,distinct_brand_true_hard_negative,1,29.268292682926834,0.009327650162268138,0.7357596158981323,14,10
D'Arbo,Protein2O,distinct_brand_true_hard_negative,1,26.66666666666667,0.010808299550610231,0.673577606678009,77,8
Ekolo,Côteaux Nantais,distinct_brand_true_hard_negative,1,9.999999999999998,0.0,0.7494133114814758,140,34
Ekobryggeriet,Premier,distinct_brand_true_hard_negative,1,40.0,0.024444284494845273,0.6534940600395203,68,121
Ege Lokman,Marli,distinct_brand_true_hard_negative,1,26.66666666666667,0.02035100989473956,0.5697870850563049,260,110
Ege Lokman,Kampos Chioy,distinct_brand_true_hard_negative,1,18.181818181818176,0.0,0.5726993083953857,260,10
Ege Lokman,Aronia Original,distinct_brand_true_hard_negative,1,24.0,0.0,0.5622312426567078,260,7
Ege Lokman,4Bro,distinct_brand_true_hard_negative,1,14.28571428571429,0.0,0.6228319406509399,260,12
Edeka,Eco+,distinct_brand_true_hard_negative,1,25.0,0.022772269866476253,0.6961977481842041,105,14
ESI,Savia,distinct_brand_true_hard_negative,1,50.0,0.0,0.6578661203384399,22,8
Dunkin',Victor Allen's,distinct_brand_true_hard_negative,1,19.999999999999996,0.025242314272310943,0.7426414489746094,155,10
DubbelFrisss,Monoprix,distinct_brand_true_hard_negative,1,19.999999999999996,0.010056774130498429,0.5660537481307983,168,15
DubbelFrisss,Damla,distinct_brand_true_hard_negative,1,23.529411764705888,0.015786672190962314,0.7469302415847778,168,9
Dry,Aura Bora,distinct_brand_true_hard_negative,1,16.666666666666664,0.0,0.7269123792648315,96,10
Dropp,Rebbl,distinct_brand_true_hard_negative,1,19.999999999999996,0.0,0.627993106842041,16,9
Dragonball Z,Rowdy Energy,distinct_brand_true_hard_negative,1,25.0,0.0,0.682016134262085,13,17
Dr Brown's,Krokus,distinct_brand_true_hard_negative,1,37.5,0.020733064900838847,0.6019258499145508,173,1
Daylesford,Marli,distinct_brand_true_hard_negative,1,26.66666666666667,0.0,0.6036566495895386,71,110
Dark Blue,Full Throttle,distinct_brand_true_hard_negative,1,27.27272727272727,0.006151451881834106,0.6608747243881226,17,10
Damla,BIKOS,distinct_brand_true_hard_negative,1,0.0,0.0,0.6892590522766113,41,20
Dad's,Ibc,distinct_brand_true_hard_negative,1,0.0,0.0,0.7330121397972107,57,1
Cal Valls,Garant,distinct_brand_true_hard_negative,1,26.66666666666667,0.0,0.7389198541641235,181,63
Cactus Cooler,Mistic,distinct_brand_true_hard_negative,1,21.052631578947366,0.0,0.6147869825363159,18,8
Mix,Drip Drop,distinct_brand_true_hard_negative,1,16.666666666666664,0.0,0.5509690642356873,64,16
Bacanha,Skratch Labs,distinct_brand_true_hard_negative,1,42.10526315789473,0.0,0.5677843689918518,52,24
Aspire,Goat Fuel,distinct_brand_true_hard_negative,1,26.66666666666667,0.0,0.6896445751190186,136,13
Aqua Pacific,Viwa,distinct_brand_true_hard_negative,1,12.5,0.008932300766616955,0.5871233940124512,52,3
Aqua Esse,Fusion Select,distinct_brand_true_hard_negative,1,36.36363636363637,0.014357332246385048,0.6480351686477661,48,10
Anna's Best,Cool Best,distinct_brand_true_hard_negative,1,50.0,0.39291731570552957,0.706447184085846,29,66
Aloha Maid,De Mi Pais,distinct_brand_true_hard_negative,1,40.0,0.0309182958043893,0.6789247989654541,32,8
Alkalife,Nestlé,distinct_brand_true_hard_negative,1,28.57142857142857,0.0,0.7093180418014526,12,4
Albi,PureThé,distinct_brand_true_hard_negative,1,0.0,0.0,0.6405250430107117,115,4
Albi,Meneau,distinct_brand_true_hard_negative,1,19.999999999999996,0.0,0.6388488411903381,115,40
Albi,Marli,distinct_brand_true_hard_negative,1,66.66666666666667,0.027339360479520552,0.6245445013046265,115,110
Aksu Vital,Akmina,distinct_brand_true_hard_negative,1,50.0,0.08630929366071484,0.6138386726379395,171,7
Ahoj Brause,Mangajo,distinct_brand_true_hard_negative,1,22.22222222222222,0.0,0.5692700147628784,12,6
Ahoj Brause,Afri-Cola,distinct_brand_true_hard_negative,1,30.000000000000004,0.009773699347257633,0.6544539332389832,12,5
Active O2,Shine Water,distinct_brand_true_hard_negative,1,30.000000000000004,0.007667577721732871,0.6221927404403687,77,12
Active O2,Garant,distinct_brand_true_hard_negative,1,26.66666666666667,0.0,0.6510041952133179,77,63
Abant,Imsdal,distinct_brand_true_hard_negative,1,18.181818181818176,0.0,0.7289727330207825,32,13
A&W,Peapod,distinct_brand_true_hard_negative,1,22.22222222222222,0.0,0.6352896690368652,62,96
A SHOC,Rambler,distinct_brand_true_hard_negative,1,15.384615384615385,0.0,0.7398614883422852,72,15
4Bro,Oasis,distinct_brand_true_hard_negative,1,22.22222222222222,0.0,0.6827362179756165,86,10
4Bro,Get More,distinct_brand_true_hard_negative,1,16.666666666666664,0.0,0.683422327041626,86,25
Aurica,Bio Techusa,distinct_brand_true_hard_negative,1,35.29411764705882,0.008732406576187162,0.6337720155715942,59,14
Barsmith,Frostie,distinct_brand_true_hard_negative,1,40.0,0.0,0.6973897218704224,57,24
Bärenmarke,Minor Figures,distinct_brand_true_hard_negative,1,26.086956521739136,0.00790743058544642,0.623165488243103,35,3
Basic Ayurveda,Cosmoveda,distinct_brand_true_hard_negative,1,43.47826086956522,0.20640976852098422,0.6894757747650146,10,31
Bullit,Bragulat,distinct_brand_true_hard_negative,1,57.14285714285714,0.048480119322548004,0.6143317818641663,82,2
Bubbl'r,Glow,distinct_brand_true_hard_negative,1,18.181818181818176,0.0,0.7202634811401367,123,7
Bubbl'r,Aura Bora,distinct_brand_true_hard_negative,1,37.5,0.009942214793238324,0.7005749940872192,123,10
Bremner's,Valio,distinct_brand_true_hard_negative,1,0.0,0.0,0.7131083011627197,19,91
Bremner's,L&A,distinct_brand_true_hard_negative,1,16.666666666666664,0.0,0.7436990737915039,19,11
Bravo,Garant,distinct_brand_true_hard_negative,1,36.36363636363637,0.02340640136316322,0.7309391498565674,137,63
Boost,Rowdy Energy,distinct_brand_true_hard_negative,1,11.764705882352944,0.0,0.5957106351852417,120,17
Bolt 24,Sports Water,distinct_brand_true_hard_negative,1,31.57894736842105,0.0,0.6723819971084595,90,3
Bolt 24,Nutramino,distinct_brand_true_hard_negative,1,12.5,0.0,0.7244827747344971,90,10
Blue Print,Detox Water,distinct_brand_true_hard_negative,1,28.57142857142857,0.0,0.5798438191413879,17,1
Bio Gourmet,Vitalhaus,distinct_brand_true_hard_negative,1,19.999999999999996,0.0,0.7388249635696411,27,12
Bio Food,QNT,distinct_brand_true_hard_negative,1,0.0,0.0,0.6429522037506104,23,11
Bigallet,Yo,distinct_brand_true_hard_negative,1,0.0,0.0,0.5536231398582458,32,10
Bigallet,The Good Guys,distinct_brand_true_hard_negative,1,9.523809523809524,0.0,0.6105636358261108,32,15
Big Red,La Casera,distinct_brand_true_hard_negative,1,25.0,0.0,0.5801788568496704,118,32
Big 8,Kas,distinct_brand_true_hard_negative,1,0.0,0.0,0.7132772207260132,104,17
Bezoya,Mont Roucous,distinct_brand_true_hard_negative,1,11.111111111111116,0.0,0.6783084869384766,76,8
Bezoya,Alnavit,distinct_brand_true_hard_negative,1,15.384615384615385,0.0,0.6297867298126221,76,19
Beetology,Bleichhof,distinct_brand_true_hard_negative,1,33.333333333333336,0.00780196099993962,0.6833416223526001,13,7
El Corte Inglés,Imsdal,distinct_brand_true_hard_negative,1,19.047619047619047,0.03462321734056,0.5987887382507324,205,13
El Corte Inglés,Kiviks Musteri,distinct_brand_true_hard_negative,1,27.586206896551722,0.015174082004670006,0.6873279809951782,205,59
Elisha,Marcel,distinct_brand_true_hard_negative,1,33.333333333333336,0.020960695868886933,0.6741250157356262,6,33
Lambda,Cidou,distinct_brand_true_hard_negative,1,18.181818181818176,0.0,0.677712082862854,34,17
L&A,meijer,distinct_brand_true_hard_negative,1,0.0,0.0,0.7202996015548706,100,43
Kullamust,Paquito,distinct_brand_true_hard_negative,1,37.5,0.0,0.738100528717041,9,11
Koza,Salt Stick,distinct_brand_true_hard_negative,1,14.28571428571429,0.0,0.5631937980651855,181,3
Kotimaista,Ramlösa,distinct_brand_true_hard_negative,1,35.29411764705882,0.008274097604451145,0.7315002679824829,96,69
Kizilay,Hysope,distinct_brand_true_hard_negative,1,15.384615384615385,0.0,0.6600521802902222,117,11
Kizilay,Eager,distinct_brand_true_hard_negative,1,16.666666666666664,0.0,0.7371633052825928,117,5
Kiviks Musteri,So Natural,distinct_brand_true_hard_negative,1,33.333333333333336,0.0,0.7374169826507568,261,40
Kiju,Cock N Bull,distinct_brand_true_hard_negative,1,26.66666666666667,0.0,0.6807288527488708,90,48
Kayseri Pazarı,Arifoglu,distinct_brand_true_hard_negative,1,28.57142857142857,0.015481862004273003,0.7135965824127197,233,4
Kas,Conad,distinct_brand_true_hard_negative,1,25.0,0.0,0.7284252643585205,127,76
KA,Lilt,distinct_brand_true_hard_negative,1,0.0,0.0,0.7235895991325378,91,7
Jumbo,Fruit2O,distinct_brand_true_hard_negative,1,33.333333333333336,0.012873657076182482,0.6913267374038696,15,5
Jeden Tag,Valio,distinct_brand_true_hard_negative,1,14.28571428571429,0.0,0.6780163049697876,26,91
Jardin Bio,Delhaize,distinct_brand_true_hard_negative,1,22.22222222222222,0.0,0.6791551113128662,179,15
Jardin Bio,Caresse Antillaise,distinct_brand_true_hard_negative,1,28.57142857142857,0.007804694245279835,0.6493027210235596,179,20
Jardin Bio,Alnavit,distinct_brand_true_hard_negative,1,35.29411764705882,0.0,0.6640685200691223,179,19
Jacobs,Paulig,distinct_brand_true_hard_negative,1,16.666666666666664,0.0,0.7305495738983154,42,23
JOYBA,Ralph's,distinct_brand_true_hard_negative,1,16.666666666666664,0.0,0.6263424158096313,62,14
Içim,Just Water,distinct_brand_true_hard_negative,1,0.0,0.0,0.6941025853157043,48,21
LIFEWTR,ZenWTR,distinct_brand_true_hard_negative,1,61.53846153846154,0.2164784780975511,0.6217191219329834,125,8
Les Fees Bio,Cidou,distinct_brand_true_hard_negative,1,23.529411764705888,0.0,0.7403968572616577,39,17
Enervit,AA,distinct_brand_true_hard_negative,1,0.0,0.0,0.5653579235076904,40,18
Levissima,Tasting Good,distinct_brand_true_hard_negative,1,19.047619047619047,0.0,0.7271531820297241,168,10
Mio Mio,Orange Crush,distinct_brand_true_hard_negative,1,21.052631578947366,0.0,0.6709860563278198,29,8
3D,nu3,distinct_brand_true_hard_negative,1,40.0,0.0,0.6047838926315308,81,1
Mezzo Mix,The Juice Company,distinct_brand_true_hard_negative,1,23.076923076923073,0.0,0.698123574256897,63,22
Meneau,Protein2O,distinct_brand_true_hard_negative,1,26.66666666666667,0.0,0.6965457797050476,181,8
Meneau,Morga,distinct_brand_true_hard_negative,1,36.36363636363637,0.018138354241055116,0.6493675708770752,181,19
McCafé,Peet's Coffee,distinct_brand_true_hard_negative,1,31.57894736842105,0.0,0.6865704655647278,39,12
May Tea,PureThé,distinct_brand_true_hard_negative,1,28.57142857142857,0.0,0.7138545513153076,258,4
Mautner Markhof,Brookes,distinct_brand_true_hard_negative,1,18.181818181818176,0.0,0.7014719247817993,48,1
Margaritaville,Barsmith,distinct_brand_true_hard_negative,1,36.36363636363637,0.025788682386084595,0.5989092588424683,51,13
Marcel,Daylesford,distinct_brand_true_hard_negative,1,25.0,0.0,0.7416723370552063,129,7
Manzanita Sol,Cock N Bull,distinct_brand_true_hard_negative,1,25.0,0.01102395200249045,0.7362233400344849,52,48
Mahbuba,Kiviks Musteri,distinct_brand_true_hard_negative,1,19.047619047619047,0.008325294007051861,0.726861298084259,133,59
Mahbuba,Hartridges,distinct_brand_true_hard_negative,1,23.529411764705888,0.0,0.6591075658798218,133,9
Mahbuba,Frutti,distinct_brand_true_hard_negative,1,15.384615384615385,0.0,0.6789976358413696,133,13
Loviseberg Råsaft,Cidou,distinct_brand_true_hard_negative,1,9.090909090909093,0.0,0.7283166646957397,143,17
Loop,True North,distinct_brand_true_hard_negative,1,14.28571428571429,0.0,0.6506552696228027,100,6
Loop,God Morgon,distinct_brand_true_hard_negative,1,28.57142857142857,0.0,0.6078234910964966,100,61
Loop,Dry,distinct_brand_true_hard_negative,1,0.0,0.0,0.5717676877975464,100,21
Liquid Ice,AA,distinct_brand_true_hard_negative,1,0.0,0.0,0.6605219841003418,26,18
Içim,Jardin Bio,distinct_brand_true_hard_negative,1,28.57142857142857,0.0,0.6927281618118286,48,26
Içim,Friesche,distinct_brand_true_hard_negative,1,33.333333333333336,0.0,0.6338004469871521,48,10
Isostar,Mr. Fitzpatrick's,distinct_brand_true_hard_negative,1,34.78260869565217,0.0,0.6895549893379211,99,2
Inca Kola,Stewart's,distinct_brand_true_hard_negative,1,22.22222222222222,0.0,0.664725124835968,42,21
Full Circle Market,Icee,distinct_brand_true_hard_negative,1,36.36363636363637,0.008199051404080901,0.6391795873641968,8,7
Fruit Fast,Frutti,distinct_brand_true_hard_negative,1,62.5,0.16779339469377,0.63509202003479,28,13
Fruchtsirup,Yo,distinct_brand_true_hard_negative,1,0.0,0.0,0.7123037576675415,14,10
Fritz- Spritz,Bio Gourmet,distinct_brand_true_hard_negative,1,34.78260869565217,0.0,0.68346107006073,11,9
Food Club,Cure Hydration,distinct_brand_true_hard_negative,1,17.391304347826086,0.007992461898638961,0.5624206066131592,52,30
Folkington's,Boston America,distinct_brand_true_hard_negative,1,38.46153846153846,0.04435604045172899,0.6245582103729248,54,5
Fior di Loto,Pingo Doce,distinct_brand_true_hard_negative,1,45.45454545454546,0.02143075837761463,0.651412308216095,23,7
Farm Boy,Super Drink,distinct_brand_true_hard_negative,1,21.052631578947366,0.0,0.668310284614563,143,31
Farm Boy,Peet's Coffee,distinct_brand_true_hard_negative,1,19.047619047619047,0.0,0.604015588760376,143,12
Farm Boy,NOS,distinct_brand_true_hard_negative,1,18.181818181818176,0.0,0.7175029516220093,143,29
Faragello,Alkaline88,distinct_brand_true_hard_negative,1,31.57894736842105,0.0,0.6249877214431763,1,18
Family Christodoulou,Naturgreen,distinct_brand_true_hard_negative,1,19.999999999999996,0.0,0.7100162506103516,45,8
FLIRT,Me Me,distinct_brand_true_hard_negative,1,0.0,0.0,0.7145622968673706,22,3
Exotic,Poikain Parhaat,distinct_brand_true_hard_negative,1,19.047619047619047,0.0,0.7399494647979736,87,17
Everfresh,Berri,distinct_brand_true_hard_negative,1,42.85714285714286,0.011191863785274814,0.6923099756240845,33,9
Ethiquable,Rå,distinct_brand_true_hard_negative,1,16.666666666666664,0.0,0.6883885264396667,124,11
Erikli,Relentless,distinct_brand_true_hard_negative,1,25.0,0.0,0.6704878807067871,169,21
Erikli,Danival,distinct_brand_true_hard_negative,1,30.76923076923077,0.0,0.652428150177002,169,1
Erbology,Premier,distinct_brand_true_hard_negative,1,26.66666666666667,0.01042468279974368,0.6425201892852783,40,121
Fun Light,Rolnik,distinct_brand_true_hard_negative,1,26.66666666666667,0.0,0.6601367592811584,103,2
Garant,So Natural,distinct_brand_true_hard_negative,1,37.5,0.01904291926934381,0.700355052947998,191,40
Gayelord Hauser,So Natural,distinct_brand_true_hard_negative,1,40.0,0.0,0.7236093282699585,48,40
Günbak,Sun Quench,distinct_brand_true_hard_negative,1,25.0,0.0,0.6856333613395691,144,14
Ikea,D'Arbo,distinct_brand_true_hard_negative,1,19.999999999999996,0.0,0.7319861650466919,6,12
Iceland,Hawaiian Springs,distinct_brand_true_hard_negative,1,26.086956521739136,0.007975167811474424,0.7040509581565857,58,11
Icee,Rio,distinct_brand_true_hard_negative,1,28.57142857142857,0.0,0.6610190868377686,38,1
Ibc,Maine Root,distinct_brand_true_hard_negative,1,15.384615384615385,0.0,0.7055209875106812,81,12
Hochwald,Black Forest,distinct_brand_true_hard_negative,1,9.999999999999998,0.0,0.6205669641494751,15,5
Hill Country Fare,Dublin,distinct_brand_true_hard_negative,1,17.391304347826086,0.0,0.7054098844528198,13,12
Hildon,Radnor,distinct_brand_true_hard_negative,1,33.333333333333336,0.0,0.7122671008110046,43,10
Hella,Côteaux Nantais,distinct_brand_true_hard_negative,1,19.999999999999996,0.0,0.717104434967041,80,34
Günbak,Bleichhof,distinct_brand_true_hard_negative,1,13.33333333333333,0.0,0.6376026272773743,144,7
George's,Agalima,distinct_brand_true_hard_negative,1,13.33333333333333,0.0,0.7437645196914673,20,6
Gülşah,Thirsti,distinct_brand_true_hard_negative,1,15.384615384615385,0.0,0.6034877300262451,33,7
Gülşah,Poli,distinct_brand_true_hard_negative,1,19.999999999999996,0.0,0.6057902574539185,33,7
Greenhouse Juice,Nielsen-Massey,distinct_brand_true_hard_negative,1,33.333333333333336,0.023025234963550866,0.6113272905349731,63,1
Greenhouse,Evolution Fresh,distinct_brand_true_hard_negative,1,31.999999999999996,0.007686903748132382,0.6600278615951538,31,62
Green's,Moulin de Valdonne,brand_present_only_in_title,1,16.000000000000004,0.0,0.6785730123519897,6,27
Good & Gather,De La Calle,distinct_brand_true_hard_negative,1,36.36363636363637,0.0,0.712557315826416,24,3
Gold Medal,Patience Fruit & Co,distinct_brand_true_hard_negative,1,7.4074074074074066,0.0,0.6096212267875671,13,3
Gevalia,Waiakea,distinct_brand_true_hard_negative,1,42.85714285714286,0.0334118079578533,0.5640045404434204,33,13
Zumosol,Libby's,distinct_brand_true_hard_negative,1,14.28571428571429,0.0,0.7375226020812988,161,5
