dimension,populated_rows,coverage,distinct_values,classified,same_gtin_equal,same_gtin_overlap,same_gtin_different,same_gtin_unparsed,same_gtin_unknown,same_gtin_both_observed,same_gtin_difference_rate,different_gtin_same_title_equal,different_gtin_same_title_overlap,different_gtin_same_title_different,different_gtin_same_title_unparsed,different_gtin_same_title_unknown,different_gtin_same_title_both_observed,different_gtin_same_title_difference_rate
Botanicals And Functional Ingredients,1711,0.027174689897241238,16,True,492,116,11,0,18504,619,0.017770597738287562,3,0,0,0,1647,3,0.0
Caffeine,24587,0.3904991820593047,7,True,4634,831,184,37,13437,5686,0.03236018290538164,471,57,2,0,1120,530,0.0037735849056603774
Carbonization,49290,0.7828407159760494,3,True,13740,167,1168,0,4048,15075,0.0774792703150912,1315,57,50,0,228,1422,0.035161744022503515
Coffee Type,1376,0.021854104791703063,5,True,336,10,0,0,18777,346,0.0,8,0,0,0,1642,8,0.0
Concentrate Format,3105,0.04931467687371949,5,True,186,210,9,0,18718,405,0.022222222222222223,5,1,0,0,1644,6,0.0
Contains Minerals,6114,0.09710464876197132,7,True,1377,190,17,0,17539,1584,0.010732323232323232,122,14,0,0,1514,136,0.0
Count per Unit,892,0.0141670504899703,27,True,57,0,0,0,19066,57,0.0,1,0,0,0,1649,1,0.0
Diets,4588,0.07286819243047504,13,True,402,215,30,0,18476,647,0.04636785162287481,17,0,2,0,1631,19,0.10526315789473684
Energy Source,4686,0.07442466210313994,7,True,1457,332,47,0,17287,1836,0.02559912854030501,65,4,2,0,1579,71,0.028169014084507043
Environmentally Friendly,2417,0.038387624477867956,17,True,335,42,7,0,18739,384,0.018229166666666668,15,1,0,0,1634,16,0.0
Flavour,43117,0.6847990089417595,117,True,11238,1135,57,0,6693,12430,0.004585679806918745,715,0,1,0,934,716,0.0013966480446927375
Free From,6020,0.0956117084637009,22,True,420,160,110,0,18433,690,0.15942028985507245,21,0,0,0,1629,21,0.0
Geographic Origin,6546,0.10396582119657577,77,True,666,21,11,0,18425,698,0.015759312320916905,65,1,2,0,1582,68,0.029411764705882353
Giftbox,17,0.000269999841176564,1,True,1,0,0,0,19122,1,0.0,0,0,0,0,1650,0,
Health Claims,26259,0.41705446055619966,55,True,3954,2824,403,0,11942,7181,0.056120317504525834,359,58,24,0,1209,441,0.05442176870748299
Immune Support Ingredients,15614,0.24798691294887473,7,True,4328,521,67,0,14207,4916,0.013628966639544346,263,24,4,0,1359,291,0.013745704467353952
Juice Content,55217,0.8769753664850786,9,True,13965,328,1067,0,3763,15360,0.06946614583333334,1375,53,41,0,181,1469,0.027910142954390742
Juice Features,9977,0.15845814208344583,9,True,1984,1088,268,0,15783,3340,0.08023952095808383,151,129,10,0,1360,290,0.034482758620689655
Made From,17189,0.27300160411670343,115,True,4684,978,4,0,13457,5666,0.0007059654076950229,322,74,3,0,1251,399,0.007518796992481203
Naturally derived,25966,0.4124009338818036,14,True,5413,1531,321,0,11858,7265,0.044184445973847214,596,98,47,0,909,741,0.06342780026990553
No Artificial Ingredients,10017,0.1590934358273907,16,True,1034,362,169,0,17558,1565,0.10798722044728434,82,8,3,0,1557,93,0.03225806451612903
Nutri-Score,303,0.004812350110382288,5,True,19,1,1,0,19102,21,0.047619047619047616,37,0,4,0,1609,41,0.0975609756097561
Pack Material Type,45431,0.7215507520289693,5,True,11129,0,1666,0,6328,12795,0.13020711215318484,640,0,516,0,494,1156,0.4463667820069204
Pack Type,42714,0.678398424471515,14,True,10399,0,410,0,8314,10809,0.037931353501711534,627,0,283,0,740,910,0.310989010989011
RTD Coffee Style,2894,0.04596350237441037,11,True,650,351,26,0,18096,1027,0.02531645569620253,10,3,0,0,1637,13,0.0
Roast Type,854,0.013563521433222687,8,True,194,53,33,0,18843,280,0.11785714285714285,0,0,0,0,1650,0,
Special Edition,207,0.0032876451249146325,1,True,41,0,0,0,19082,41,0.0,1,0,0,0,1649,1,0.0
Sports Drinks Style,405,0.006432349157441672,3,True,52,0,9,0,19062,61,0.14754098360655737,9,0,0,0,1641,9,0.0
Sports Ingredients,4286,0.06807172466369138,4,True,967,51,4,0,18101,1022,0.003913894324853229,28,0,2,0,1620,30,0.06666666666666667
Sports Positioning,1049,0.016660578434953863,4,True,45,9,26,0,19043,80,0.325,13,0,2,0,1635,15,0.13333333333333333
Sustainable Packaging,2666,0.04234232803392469,13,True,299,24,11,0,18789,334,0.03293413173652695,12,7,0,0,1631,19,0.0
Sustainable Sourcing,12848,0.20405635055508792,20,True,2831,983,24,0,15285,3838,0.006253256904637832,100,7,3,0,1540,110,0.02727272727272727
Sweetener,23793,0.37788860124199924,19,True,6473,924,273,0,11453,7670,0.03559322033898305,546,62,30,0,1012,638,0.047021943573667714
Tea Type,2746,0.0436129155218144,22,True,591,122,14,0,18396,727,0.01925722145804677,10,4,0,0,1636,14,0.0
Volume,54930,0.8724171338722742,184,True,16301,10,292,0,2520,16603,0.01758718303920978,551,0,963,0,136,1514,0.6360634081902246
Water Type,16303,0.2589298476883249,25,True,3191,568,225,0,15139,3984,0.05647590361445783,502,26,27,0,1095,555,0.04864864864864865
Weight,2246,0.035671743722503695,183,True,279,0,6,0,18838,285,0.021052631578947368,2,0,0,0,1648,2,0.0
