population,split,generation,target_modes,vendor_relation,difficulty,pairs
augmented_negative,dev,augmented,counterfactual,unknown,easy,16
augmented_negative,dev,augmented,counterfactual,unknown,hard,71
augmented_negative,dev,augmented,counterfactual,unknown,medium,522
augmented_negative,dev,augmented,counterfactual,unknown,unknown,2
augmented_negative,dev,augmented,random,unknown,easy,54
augmented_negative,dev,augmented,random,unknown,medium,77
augmented_negative,dev,augmented,random,unknown,unknown,6
augmented_negative,dev,augmented,swap_values,unknown,easy,39
augmented_negative,dev,augmented,swap_values,unknown,hard,1
augmented_negative,dev,augmented,swap_values,unknown,medium,58
augmented_negative,mixed,augmented,random,unknown,easy,553
augmented_negative,mixed,augmented,random,unknown,hard,10
augmented_negative,mixed,augmented,random,unknown,medium,939
augmented_negative,mixed,augmented,random,unknown,unknown,26
augmented_negative,mixed,augmented,swap_values,unknown,easy,340
augmented_negative,mixed,augmented,swap_values,unknown,hard,7
augmented_negative,mixed,augmented,swap_values,unknown,medium,681
augmented_negative,mixed,augmented,swap_values,unknown,unknown,1
augmented_negative,test,augmented,counterfactual,unknown,easy,11
augmented_negative,test,augmented,counterfactual,unknown,hard,57
augmented_negative,test,augmented,counterfactual,unknown,medium,532
augmented_negative,test,augmented,counterfactual,unknown,unknown,2
augmented_negative,test,augmented,random,unknown,easy,40
augmented_negative,test,augmented,random,unknown,medium,87
augmented_negative,test,augmented,random,unknown,unknown,2
augmented_negative,test,augmented,swap_values,unknown,easy,29
augmented_negative,test,augmented,swap_values,unknown,medium,55
augmented_negative,train,augmented,counterfactual,unknown,easy,28
augmented_negative,train,augmented,counterfactual,unknown,hard,117
augmented_negative,train,augmented,counterfactual,unknown,medium,1057
augmented_negative,train,augmented,counterfactual,unknown,unknown,4
augmented_negative,train,augmented,random,unknown,easy,273
augmented_negative,train,augmented,random,unknown,hard,4
augmented_negative,train,augmented,random,unknown,medium,350
augmented_negative,train,augmented,random,unknown,unknown,6
augmented_negative,train,augmented,swap_values,unknown,easy,183
augmented_negative,train,augmented,swap_values,unknown,hard,1
augmented_negative,train,augmented,swap_values,unknown,medium,223
augmented_positive,dev,augmented,declaration_dropout,unknown,easy,110
augmented_positive,dev,augmented,declaration_dropout,unknown,hard,707
augmented_positive,dev,augmented,declaration_dropout,unknown,medium,826
augmented_positive,dev,augmented,declaration_dropout,unknown,unknown,197
augmented_positive,dev,augmented,random,unknown,easy,167
augmented_positive,dev,augmented,random,unknown,hard,1537
augmented_positive,dev,augmented,random,unknown,medium,3029
augmented_positive,dev,augmented,random,unknown,unknown,194
augmented_positive,dev,augmented,swap_values,unknown,easy,175
augmented_positive,dev,augmented,swap_values,unknown,hard,129
augmented_positive,dev,augmented,swap_values,unknown,medium,1376
augmented_positive,dev,augmented,swap_values,unknown,unknown,10
augmented_positive,test,augmented,declaration_dropout,unknown,easy,79
augmented_positive,test,augmented,declaration_dropout,unknown,hard,650
augmented_positive,test,augmented,declaration_dropout,unknown,medium,861
augmented_positive,test,augmented,declaration_dropout,unknown,unknown,177
augmented_positive,test,augmented,random,unknown,easy,142
augmented_positive,test,augmented,random,unknown,hard,1620
augmented_positive,test,augmented,random,unknown,medium,2971
augmented_positive,test,augmented,random,unknown,unknown,173
augmented_positive,test,augmented,swap_values,unknown,easy,141
augmented_positive,test,augmented,swap_values,unknown,hard,141
augmented_positive,test,augmented,swap_values,unknown,medium,1352
augmented_positive,test,augmented,swap_values,unknown,unknown,4
augmented_positive,train,augmented,declaration_dropout,unknown,easy,210
augmented_positive,train,augmented,declaration_dropout,unknown,hard,1423
augmented_positive,train,augmented,declaration_dropout,unknown,medium,1678
augmented_positive,train,augmented,declaration_dropout,unknown,unknown,359
augmented_positive,train,augmented,random,unknown,easy,296
augmented_positive,train,augmented,random,unknown,hard,3063
augmented_positive,train,augmented,random,unknown,medium,5960
augmented_positive,train,augmented,random,unknown,unknown,336
augmented_positive,train,augmented,swap_values,unknown,easy,310
augmented_positive,train,augmented,swap_values,unknown,hard,260
augmented_positive,train,augmented,swap_values,unknown,medium,2575
augmented_positive,train,augmented,swap_values,unknown,unknown,13
consumed_negative,train,augmented,counterfactual,same_vendor,hard,1210
consumed_negative,train,augmented,counterfactual,same_vendor,medium,5
consumed_negative,train,augmented,declaration_dropout,unknown,easy,61
consumed_negative,train,augmented,declaration_dropout,unknown,hard,7
consumed_negative,train,augmented,declaration_dropout,unknown,medium,203
consumed_negative,train,augmented,declaration_dropout,unknown,unknown,16
consumed_negative,train,augmented,random,unknown,easy,519
consumed_negative,train,augmented,random,unknown,hard,9
consumed_negative,train,augmented,random,unknown,medium,826
consumed_negative,train,augmented,random,unknown,unknown,35
consumed_negative,train,augmented,swap_values,unknown,easy,248
consumed_negative,train,augmented,swap_values,unknown,hard,1
consumed_negative,train,augmented,swap_values,unknown,medium,348
consumed_negative,train,original,,unknown,easy,817
consumed_negative,train,original,,unknown,hard,21
consumed_negative,train,original,,unknown,medium,1206
consumed_positive,train,augmented,declaration_dropout,unknown,easy,20
consumed_positive,train,augmented,declaration_dropout,unknown,hard,94
consumed_positive,train,augmented,declaration_dropout,unknown,medium,162
consumed_positive,train,augmented,declaration_dropout,unknown,unknown,11
consumed_positive,train,augmented,random,cross_vendor,hard,2
consumed_positive,train,augmented,random,unknown,easy,59
consumed_positive,train,augmented,random,unknown,hard,298
consumed_positive,train,augmented,random,unknown,medium,1007
consumed_positive,train,augmented,random,unknown,unknown,23
consumed_positive,train,augmented,swap_values,unknown,easy,59
consumed_positive,train,augmented,swap_values,unknown,hard,41
consumed_positive,train,augmented,swap_values,unknown,medium,497
consumed_positive,train,original,,cross_vendor,hard,9
consumed_positive,train,original,,cross_vendor,medium,6
consumed_positive,train,original,,unknown,easy,311
consumed_positive,train,original,,unknown,hard,233
consumed_positive,train,original,,unknown,medium,2696
consumed_positive,train,original,,unknown,unknown,4
original_negative,dev,original,,unknown,easy,151
original_negative,dev,original,,unknown,hard,10
original_negative,dev,original,,unknown,medium,359
original_negative,mixed,original,,unknown,easy,1655
original_negative,mixed,original,,unknown,hard,38
original_negative,mixed,original,,unknown,medium,3401
original_negative,mixed,original,,unknown,unknown,8
original_negative,test,original,,unknown,easy,144
original_negative,test,original,,unknown,hard,3
original_negative,test,original,,unknown,medium,278
original_negative,test,original,,unknown,unknown,1
original_negative,train,original,,unknown,easy,817
original_negative,train,original,,unknown,hard,21
original_negative,train,original,,unknown,medium,1206
original_positive,dev,original,,unknown,easy,569
original_positive,dev,original,,unknown,hard,590
original_positive,dev,original,,unknown,medium,4938
original_positive,dev,original,,unknown,unknown,39
original_positive,test,original,,unknown,easy,537
original_positive,test,original,,unknown,hard,614
original_positive,test,original,,unknown,medium,4921
original_positive,test,original,,unknown,unknown,36
original_positive,train,original,,unknown,easy,1144
original_positive,train,original,,unknown,hard,1263
original_positive,train,original,,unknown,medium,9662
original_positive,train,original,,unknown,unknown,48
