metric,population,side,cleaned,before,legacy_no_evidence,delta_vs_before
true_pair_jaccard,review_pairs,both,0.31997419921717307,0.18964989880414287,0.18733843406026307,0.1303243004130302
cross_pair_jaccard,review_pairs,both,0.11900402329239083,0.07356779924271958,0.08158539889778632,0.04543622404967125
retrieval_margin,review_pairs,both,0.20097017592478222,0.11608209956142329,0.10575303516247675,0.08488807636335893
identical_product_24_jaccard,review_pairs,both,0.46461416676769457,0.512887977774602,0.23384659511967673,-0.048273811006907474
mean_source_tokens,review_pairs,both,76.03931623931624,100.63418803418803,100.63418803418803,-24.594871794871793
mean_target_tokens,review_pairs,both,49.536752136752135,114.85128205128206,54.81196581196581,-65.31452991452991
target_truncated_records,review_pairs,both,0.0,162.0,0.0,-162.0
evidence_channel_target_tokens,review_pairs,both,0.0,60.03931623931624,0.0,-60.03931623931624
evidence_channel_source_tokens,review_pairs,both,0.0,0.0,0.0,0.0
