example_id,sku_id1,sku_id2,label,split
0:1,919472103,canonical:2020005054080,1,train
0:0,919472103,canonical:4779033974218,0,train
1:1,641603268,canonical:3292482220046,1,train
1:0,641603268,canonical:3292482520016,0,train
2:1,56070791,canonical:3600520752778,1,train
2:0,56070791,canonical:7314720732046,0,train
3:1,373448609,canonical:3700749300023,1,train
3:0,373448609,canonical:3700749300115,0,train
4:1,1054347099,canonical:3292482520016,1,train
4:0,1054347099,canonical:3292482220046,0,train
5:1,1033449824,canonical:7314720732046,1,train
5:0,1033449824,canonical:3600520752778,0,train
6:1,373719161,canonical:3700749300115,1,train
6:0,373719161,canonical:3700749300023,0,train
7:1,augmentation:13313,canonical:3292482220046,1,train
7:0,augmentation:13313,canonical:3292482520016,0,train
8:1,canonical:3248652710213,50518353,1,train
8:0,canonical:3248652710213,augmentation:13294,0,train
9:1,canonical:3250392595319,145887335,1,train
9:0,canonical:3250392595319,augmentation:13295,0,train
10:1,canonical:3450970138567,109882955,1,train
10:0,canonical:3450970138567,augmentation:13296,0,train
11:1,canonical:5430004017226,1008146381,1,train
11:0,canonical:5430004017226,augmentation:13297,0,train
12:1,canonical:3250392595319,145887335,1,train
12:0,canonical:3250392595319,augmentation:13298,0,train
,10002990,383335008,1,dev
,1000656051,1018515978,1,dev
,1000710367,1018367358,1,test
,1000749660,688740747,1,dev
,1000827279,1030982510,1,dev
,1000894002,1018386053,1,test
,10009275,4786315,1,test
,1000988218,756810987,1,test
,1004119226,49423877,0,dev
,1004407078,703171863,0,test
,1006812831,896030834,0,test
,1034377526,524461375,0,dev
,1038660793,1041858355,0,dev
,1040469080,524738170,0,test
,1041889119,448380388,0,test
,1042748759,1043504899,0,dev
,338115436,489403563,0,dev
,373583216,460220581,0,test
,421406791,53772127,0,test
,495736186,515358217,0,dev
