example_id,sku_id1,sku_id2,label,split,cohort_id,population,evaluation_scope,difficulty_slice,mint_lineage,consumed_example_ids,difficulty_reason,payload_index1,payload_index2,difficulty_text_overlap
0:1,919472103,canonical:2020005054080,1,train,clean:0,real,training_diagnostic,unknown,[],[],no_frozen_encoder_input,,,
0:0,919472103,canonical:4779033974218,0,train,clean:1,real,training_diagnostic,unknown,[],[],no_frozen_encoder_input,,,
1:1,641603268,canonical:3292482220046,1,train,clean:2,real,training_diagnostic,unknown,[],[],no_frozen_encoder_input,,,
1:0,641603268,canonical:3292482520016,0,train,clean:3,real,training_diagnostic,unknown,[],[],no_frozen_encoder_input,,,
2:1,56070791,canonical:3600520752778,1,train,clean:4,real,training_diagnostic,unknown,[],[],no_frozen_encoder_input,,,
2:0,56070791,canonical:7314720732046,0,train,clean:5,real,training_diagnostic,unknown,[],[],no_frozen_encoder_input,,,
3:1,373448609,canonical:3700749300023,1,train,clean:6,real,training_diagnostic,unknown,[],[],no_frozen_encoder_input,,,
3:0,373448609,canonical:3700749300115,0,train,clean:7,real,training_diagnostic,unknown,[],[],no_frozen_encoder_input,,,
4:1,1054347099,canonical:3292482520016,1,train,clean:8,real,training_diagnostic,unknown,[],[],no_frozen_encoder_input,,,
4:0,1054347099,canonical:3292482220046,0,train,clean:9,real,training_diagnostic,unknown,[],[],no_frozen_encoder_input,,,
5:1,1033449824,canonical:7314720732046,1,train,clean:10,real,training_diagnostic,unknown,[],[],no_frozen_encoder_input,,,
5:0,1033449824,canonical:3600520752778,0,train,clean:11,real,training_diagnostic,unknown,[],[],no_frozen_encoder_input,,,
6:1,373719161,canonical:3700749300115,1,train,clean:12,real,training_diagnostic,unknown,[],[],no_frozen_encoder_input,,,
6:0,373719161,canonical:3700749300023,0,train,clean:13,real,training_diagnostic,unknown,[],[],no_frozen_encoder_input,,,
7:1,augmentation:13313,canonical:3292482220046,1,train,clean:14,real,training_diagnostic,unknown,[],[],no_frozen_encoder_input,,,
7:0,augmentation:13313,canonical:3292482520016,0,train,clean:15,real,training_diagnostic,unknown,[],[],no_frozen_encoder_input,,,
8:1,canonical:3248652710213,50518353,1,train,clean:16,real,training_diagnostic,unknown,[],[],no_frozen_encoder_input,,,
8:0,canonical:3248652710213,augmentation:13294,0,train,clean:17,real,training_diagnostic,unknown,[],[],no_frozen_encoder_input,,,
9:1,canonical:3250392595319,145887335,1,train,clean:18,real,training_diagnostic,unknown,[],[],no_frozen_encoder_input,,,
9:0,canonical:3250392595319,augmentation:13295,0,train,clean:19,real,training_diagnostic,unknown,[],[],no_frozen_encoder_input,,,
10:1,canonical:3450970138567,109882955,1,train,clean:20,real,training_diagnostic,unknown,[],[],no_frozen_encoder_input,,,
10:0,canonical:3450970138567,augmentation:13296,0,train,clean:21,real,training_diagnostic,unknown,[],[],no_frozen_encoder_input,,,
11:1,canonical:5430004017226,1008146381,1,train,clean:22,real,training_diagnostic,unknown,[],[],no_frozen_encoder_input,,,
11:0,canonical:5430004017226,augmentation:13297,0,train,clean:23,real,training_diagnostic,unknown,[],[],no_frozen_encoder_input,,,
12:1,canonical:3250392595319,145887335,1,train,clean:24,real,training_diagnostic,unknown,[],[],no_frozen_encoder_input,,,
12:0,canonical:3250392595319,augmentation:13298,0,train,clean:25,real,training_diagnostic,unknown,[],[],no_frozen_encoder_input,,,
,10002990,383335008,1,dev,clean:26,real,heldout,unknown,[],[],no_frozen_encoder_input,,,
,1000656051,1018515978,1,dev,clean:27,real,heldout,unknown,[],[],no_frozen_encoder_input,,,
,1000710367,1018367358,1,test,clean:28,real,heldout,unknown,[],[],no_frozen_encoder_input,,,
,1000749660,688740747,1,dev,clean:29,real,heldout,unknown,[],[],no_frozen_encoder_input,,,
,1000827279,1030982510,1,dev,clean:30,real,heldout,unknown,[],[],no_frozen_encoder_input,,,
,1000894002,1018386053,1,test,clean:31,real,heldout,unknown,[],[],no_frozen_encoder_input,,,
,10009275,4786315,1,test,clean:32,real,heldout,unknown,[],[],no_frozen_encoder_input,,,
,1000988218,756810987,1,test,clean:33,real,heldout,unknown,[],[],no_frozen_encoder_input,,,
,1004119226,49423877,0,dev,clean:34,real,heldout,unknown,[],[],no_frozen_encoder_input,,,
,1004407078,703171863,0,test,clean:35,real,heldout,unknown,[],[],no_frozen_encoder_input,,,
,1006812831,896030834,0,test,clean:36,real,heldout,unknown,[],[],no_frozen_encoder_input,,,
,1034377526,524461375,0,dev,clean:37,real,heldout,unknown,[],[],no_frozen_encoder_input,,,
,1038660793,1041858355,0,dev,clean:38,real,heldout,unknown,[],[],no_frozen_encoder_input,,,
,1040469080,524738170,0,test,clean:39,real,heldout,unknown,[],[],no_frozen_encoder_input,,,
,1041889119,448380388,0,test,clean:40,real,heldout,unknown,[],[],no_frozen_encoder_input,,,
,1042748759,1043504899,0,dev,clean:41,real,heldout,unknown,[],[],no_frozen_encoder_input,,,
,338115436,489403563,0,dev,clean:42,real,heldout,unknown,[],[],no_frozen_encoder_input,,,
,373583216,460220581,0,test,clean:43,real,heldout,unknown,[],[],no_frozen_encoder_input,,,
,421406791,53772127,0,test,clean:44,real,heldout,unknown,[],[],no_frozen_encoder_input,,,
,495736186,515358217,0,dev,clean:45,real,heldout,unknown,[],[],no_frozen_encoder_input,,,
,ablation_payload:0,canonical:3248652710213,1,train,bundle:pos:0,real_bundle,bundle_diagnostic,easy,[],[],positive_high_text_overlap,0.0,633.0,0.5
,ablation_payload:1,canonical:6419806053976,1,dev,bundle:pos:1,real_bundle,bundle_diagnostic,medium,[],[],positive_moderate_text_overlap,1.0,5236.0,0.2857142857142857
,ablation_payload:2,canonical:5056555200087,1,train,bundle:pos:2,real_bundle,bundle_diagnostic,medium,[],[],positive_moderate_text_overlap,2.0,3039.0,0.45161290322580644
,ablation_payload:3,canonical:850044821143,1,dev,bundle:pos:3,real_bundle,bundle_diagnostic,medium,[],[],positive_moderate_text_overlap,3.0,10835.0,0.25
,ablation_payload:5,canonical:850057175448,1,train,bundle:pos:4,real_bundle,bundle_diagnostic,medium,[],[],positive_moderate_text_overlap,5.0,10878.0,0.2692307692307692
,ablation_payload:6,canonical:6415600589796,1,test,bundle:pos:5,real_bundle,bundle_diagnostic,hard,[],[],positive_asymmetric_evidence,6.0,4962.0,0.4
,ablation_payload:7,canonical:6415600558228,1,test,bundle:pos:6,real_bundle,bundle_diagnostic,hard,[],[],positive_asymmetric_evidence,7.0,4927.0,0.3333333333333333
,ablation_payload:8,canonical:702367258055,1,test,bundle:pos:7,real_bundle,bundle_diagnostic,medium,[],[],positive_moderate_text_overlap,8.0,6082.0,0.4
,ablation_payload:9,canonical:813622021915,1,train,bundle:pos:8,real_bundle,bundle_diagnostic,medium,[],[],positive_moderate_text_overlap,9.0,9506.0,0.42857142857142855
,ablation_payload:10,canonical:5038512002637,1,train,bundle:pos:9,real_bundle,bundle_diagnostic,medium,[],[],positive_moderate_text_overlap,10.0,3013.0,0.4
,ablation_payload:11,canonical:824238660856,1,train,bundle:pos:10,real_bundle,bundle_diagnostic,medium,[],[],positive_moderate_text_overlap,11.0,9640.0,0.3333333333333333
,ablation_payload:12,canonical:810158581289,1,dev,bundle:pos:11,real_bundle,bundle_diagnostic,medium,[],[],positive_moderate_text_overlap,12.0,9349.0,0.2608695652173913
,ablation_payload:13,canonical:810158581197,1,dev,bundle:pos:12,real_bundle,bundle_diagnostic,medium,[],[],positive_moderate_text_overlap,13.0,9341.0,0.21428571428571427
,ablation_payload:16,canonical:7611612404402,1,train,bundle:pos:13,real_bundle,bundle_diagnostic,easy,[],[],positive_high_text_overlap,16.0,8193.0,0.5384615384615384
,ablation_payload:17,canonical:7611612404402,1,train,bundle:pos:14,real_bundle,bundle_diagnostic,easy,[],[],positive_high_text_overlap,17.0,8193.0,0.5384615384615384
,ablation_payload:18,canonical:7611612404419,1,train,bundle:pos:15,real_bundle,bundle_diagnostic,easy,[],[],positive_high_text_overlap,18.0,8194.0,0.5454545454545454
,ablation_payload:19,canonical:7611612404419,1,train,bundle:pos:16,real_bundle,bundle_diagnostic,easy,[],[],positive_high_text_overlap,19.0,8194.0,0.5454545454545454
,ablation_payload:20,canonical:735143004300,1,test,bundle:pos:17,real_bundle,bundle_diagnostic,medium,[],[],positive_moderate_text_overlap,20.0,7732.0,0.36363636363636365
,ablation_payload:21,canonical:810158587854,1,dev,bundle:pos:18,real_bundle,bundle_diagnostic,hard,[],[],positive_low_text_overlap,21.0,9376.0,0.16666666666666666
,ablation_payload:22,canonical:810158587823,1,dev,bundle:pos:19,real_bundle,bundle_diagnostic,hard,[],[],positive_low_text_overlap,22.0,9373.0,0.18181818181818182
,ablation_payload:23,canonical:5060490010861,1,train,bundle:pos:20,real_bundle,bundle_diagnostic,medium,[],[],positive_moderate_text_overlap,23.0,3259.0,0.3793103448275862
,ablation_payload:24,canonical:758391122480,1,train,bundle:pos:21,real_bundle,bundle_diagnostic,medium,[],[],positive_moderate_text_overlap,24.0,8010.0,0.36363636363636365
,ablation_payload:25,canonical:850029937319,1,dev,bundle:pos:22,real_bundle,bundle_diagnostic,hard,[],[],positive_low_text_overlap,25.0,10745.0,0.15384615384615385
,ablation_payload:26,canonical:543360036406,1,train,bundle:pos:23,real_bundle,bundle_diagnostic,medium,[],[],positive_moderate_text_overlap,26.0,3687.0,0.22727272727272727
,ablation_payload:27,canonical:7610900248872,1,dev,bundle:pos:24,real_bundle,bundle_diagnostic,medium,[],[],positive_moderate_text_overlap,27.0,8112.0,0.4090909090909091
,ablation_payload:28,canonical:850033206180,1,dev,bundle:pos:25,real_bundle,bundle_diagnostic,medium,[],[],positive_moderate_text_overlap,28.0,10778.0,0.4
,ablation_payload:29,canonical:810113510439,1,train,bundle:pos:26,real_bundle,bundle_diagnostic,medium,[],[],positive_moderate_text_overlap,29.0,9263.0,0.23529411764705882
,ablation_payload:30,canonical:762357000606,1,dev,bundle:pos:27,real_bundle,bundle_diagnostic,medium,[],[],positive_moderate_text_overlap,30.0,8329.0,0.34615384615384615
,ablation_payload:31,canonical:762357000583,1,train,bundle:pos:28,real_bundle,bundle_diagnostic,medium,[],[],positive_moderate_text_overlap,31.0,8327.0,0.42857142857142855
,ablation_payload:33,canonical:5060512670967,1,test,bundle:pos:29,real_bundle,bundle_diagnostic,medium,[],[],positive_moderate_text_overlap,33.0,3274.0,0.3157894736842105
,ablation_payload:34,canonical:5060512670905,1,dev,bundle:pos:30,real_bundle,bundle_diagnostic,hard,[],[],positive_attribute_conflict_review,34.0,3272.0,0.375
,ablation_payload:35,canonical:5060512671001,1,test,bundle:pos:31,real_bundle,bundle_diagnostic,medium,[],[],positive_moderate_text_overlap,35.0,3275.0,0.2777777777777778
,ablation_payload:36,canonical:5060512670905,1,dev,bundle:pos:32,real_bundle,bundle_diagnostic,medium,[],[],positive_moderate_text_overlap,36.0,3272.0,0.375
,ablation_payload:37,canonical:5060512670929,1,dev,bundle:pos:33,real_bundle,bundle_diagnostic,medium,[],[],positive_moderate_text_overlap,37.0,3273.0,0.375
,ablation_payload:38,canonical:5060512670967,1,test,bundle:pos:34,real_bundle,bundle_diagnostic,medium,[],[],positive_moderate_text_overlap,38.0,3274.0,0.35294117647058826
,ablation_payload:39,canonical:5060512671001,1,test,bundle:pos:35,real_bundle,bundle_diagnostic,medium,[],[],positive_moderate_text_overlap,39.0,3275.0,0.375
,ablation_payload:41,canonical:850057798456,1,train,bundle:pos:36,real_bundle,bundle_diagnostic,medium,[],[],positive_moderate_text_overlap,41.0,10886.0,0.25
,ablation_payload:42,canonical:5010889010040,1,train,bundle:pos:37,real_bundle,bundle_diagnostic,hard,[],[],positive_low_text_overlap,42.0,2859.0,0.14285714285714285
,ablation_payload:43,canonical:5000382112372,1,train,bundle:pos:38,real_bundle,bundle_diagnostic,medium,[],[],positive_moderate_text_overlap,43.0,2792.0,0.3333333333333333
,ablation_payload:44,canonical:888903201027,1,train,bundle:pos:39,real_bundle,bundle_diagnostic,medium,[],[],positive_moderate_text_overlap,44.0,12931.0,0.4583333333333333
,ablation_payload:45,canonical:896743002001,1,dev,bundle:pos:40,real_bundle,bundle_diagnostic,medium,[],[],positive_moderate_text_overlap,45.0,13041.0,0.21428571428571427
,ablation_payload:46,canonical:100140707828,1,dev,bundle:pos:41,real_bundle,bundle_diagnostic,easy,[],[],positive_high_text_overlap,46.0,195.0,0.5
,ablation_payload:49,canonical:3804078263179,1,dev,bundle:pos:42,real_bundle,bundle_diagnostic,easy,[],[],positive_high_text_overlap,49.0,1435.0,0.5454545454545454
,ablation_payload:50,canonical:4260577470361,1,test,bundle:pos:43,real_bundle,bundle_diagnostic,easy,[],[],positive_high_text_overlap,50.0,2510.0,0.5
,ablation_payload:51,canonical:4260577471641,1,train,bundle:pos:44,real_bundle,bundle_diagnostic,easy,[],[],positive_high_text_overlap,51.0,2514.0,0.6428571428571429
,ablation_payload:52,canonical:4260577470484,1,train,bundle:pos:45,real_bundle,bundle_diagnostic,easy,[],[],positive_high_text_overlap,52.0,2511.0,0.6923076923076923
,ablation_payload:53,canonical:4006643166635,1,dev,bundle:pos:46,real_bundle,bundle_diagnostic,medium,[],[],positive_moderate_text_overlap,53.0,1637.0,0.42105263157894735
,ablation_payload:54,canonical:810047240969,1,test,bundle:pos:47,real_bundle,bundle_diagnostic,hard,[],[],positive_low_text_overlap,54.0,9197.0,0.14583333333333334
,ablation_payload:55,canonical:3292482220046,1,train,bundle:pos:48,real_bundle,bundle_diagnostic,medium,[],[1],positive_moderate_text_overlap,55.0,857.0,0.4666666666666667
,ablation_payload:56,canonical:843076002161,1,dev,bundle:pos:49,real_bundle,bundle_diagnostic,hard,[],[],positive_asymmetric_evidence,56.0,10068.0,0.4444444444444444
,ablation_payload:57,canonical:843076002208,1,dev,bundle:pos:50,real_bundle,bundle_diagnostic,easy,[],[],positive_high_text_overlap,57.0,10071.0,0.5
,ablation_payload:58,canonical:810047240570,1,test,bundle:pos:51,real_bundle,bundle_diagnostic,medium,[],[],positive_moderate_text_overlap,58.0,9195.0,0.26666666666666666
,ablation_payload:59,canonical:850001566230,1,test,bundle:pos:52,real_bundle,bundle_diagnostic,hard,[],[],positive_low_text_overlap,59.0,10436.0,0.2
,ablation_payload:61,canonical:7310401051918,1,test,bundle:pos:53,real_bundle,bundle_diagnostic,easy,[],[],positive_high_text_overlap,61.0,6873.0,0.7777777777777778
,ablation_payload:62,canonical:889497005602,1,train,bundle:pos:54,real_bundle,bundle_diagnostic,medium,[],[],positive_moderate_text_overlap,62.0,12940.0,0.35294117647058826
,ablation_payload:63,canonical:858847000871,1,test,bundle:pos:55,real_bundle,bundle_diagnostic,medium,[],[],positive_moderate_text_overlap,63.0,11583.0,0.3157894736842105
,ablation_payload:64,canonical:858847000871,1,test,bundle:pos:56,real_bundle,bundle_diagnostic,unknown,[],[],insufficient_comparable_evidence,64.0,11583.0,0.3333333333333333
,ablation_payload:65,canonical:5060135050085,1,train,bundle:pos:57,real_bundle,bundle_diagnostic,medium,[],[],positive_moderate_text_overlap,65.0,3079.0,0.2727272727272727
,ablation_payload:66,canonical:850061075130,1,train,bundle:pos:58,real_bundle,bundle_diagnostic,medium,[],[],positive_moderate_text_overlap,66.0,10895.0,0.2903225806451613
,ablation_payload:67,canonical:5010102001978,1,test,bundle:pos:59,real_bundle,bundle_diagnostic,medium,[],[],positive_moderate_text_overlap,67.0,2802.0,0.3333333333333333
,ablation_payload:68,canonical:664435268802,1,train,bundle:pos:60,real_bundle,bundle_diagnostic,medium,[],[],positive_moderate_text_overlap,68.0,5630.0,0.3333333333333333
,ablation_payload:69,canonical:7350021426154,1,test,bundle:pos:61,real_bundle,bundle_diagnostic,medium,[],[],positive_moderate_text_overlap,69.0,7565.0,0.2631578947368421
,ablation_payload:71,canonical:664697917067,1,train,bundle:pos:62,real_bundle,bundle_diagnostic,medium,[],[],positive_moderate_text_overlap,71.0,5649.0,0.3225806451612903
,ablation_payload:72,canonical:5027738013381,1,train,bundle:pos:63,real_bundle,bundle_diagnostic,medium,[],[],positive_moderate_text_overlap,72.0,2964.0,0.43478260869565216
,ablation_payload:73,canonical:5603493003364,1,test,bundle:pos:64,real_bundle,bundle_diagnostic,easy,[],[],positive_high_text_overlap,73.0,3875.0,0.6153846153846154
,ablation_payload:74,canonical:5060333540005,1,test,bundle:pos:65,real_bundle,bundle_diagnostic,medium,[],[],positive_moderate_text_overlap,74.0,3126.0,0.23076923076923078
,ablation_payload:75,canonical:850036444152,1,train,bundle:pos:66,real_bundle,bundle_diagnostic,hard,[],[],positive_low_text_overlap,75.0,10796.0,0.16666666666666666
,ablation_payload:76,canonical:3450970138567,1,train,bundle:pos:67,real_bundle,bundle_diagnostic,easy,[],[],positive_high_text_overlap,76.0,980.0,0.6363636363636364
,ablation_payload:77,canonical:854322005461,1,train,bundle:pos:68,real_bundle,bundle_diagnostic,medium,[],[],positive_moderate_text_overlap,77.0,11244.0,0.2413793103448276
,ablation_payload:78,canonical:722776005569,1,train,bundle:pos:69,real_bundle,bundle_diagnostic,hard,[],[],positive_low_text_overlap,78.0,6575.0,0.2
,ablation_payload:79,canonical:100142961532,1,test,bundle:pos:70,real_bundle,bundle_diagnostic,medium,[],[],positive_moderate_text_overlap,79.0,218.0,0.42105263157894735
,ablation_payload:80,canonical:4061462462566,1,test,bundle:pos:71,real_bundle,bundle_diagnostic,hard,[],[],positive_low_text_overlap,80.0,2044.0,0.2
,ablation_payload:81,canonical:858344005546,1,dev,bundle:pos:72,real_bundle,bundle_diagnostic,medium,[],[],positive_moderate_text_overlap,81.0,11529.0,0.28
,ablation_payload:82,canonical:810053000229,1,train,bundle:pos:73,real_bundle,bundle_diagnostic,hard,[],[],positive_asymmetric_evidence,82.0,9207.0,0.42857142857142855
,ablation_payload:83,canonical:5060444851021,1,test,bundle:pos:74,real_bundle,bundle_diagnostic,hard,[],[],positive_attribute_conflict_review,83.0,3206.0,0.16666666666666666
,ablation_payload:84,canonical:852750003028,1,train,bundle:pos:75,real_bundle,bundle_diagnostic,easy,[],[],positive_high_text_overlap,84.0,11066.0,0.5833333333333334
,ablation_payload:85,canonical:4088600124070,1,dev,bundle:pos:76,real_bundle,bundle_diagnostic,medium,[],[],positive_moderate_text_overlap,85.0,2066.0,0.3888888888888889
,ablation_payload:86,canonical:4088600270227,1,dev,bundle:pos:77,real_bundle,bundle_diagnostic,easy,[],[],positive_high_text_overlap,86.0,2075.0,0.5
,ablation_payload:87,canonical:5060446100455,1,train,bundle:pos:78,real_bundle,bundle_diagnostic,hard,[],[],positive_low_text_overlap,87.0,3210.0,0.19444444444444445
,ablation_payload:88,canonical:646035595779,1,train,bundle:pos:79,real_bundle,bundle_diagnostic,medium,[],[],positive_moderate_text_overlap,88.0,5521.0,0.46153846153846156
,ablation_payload:89,canonical:7038010071096,1,dev,bundle:pos:80,real_bundle,bundle_diagnostic,medium,[],[],positive_moderate_text_overlap,89.0,6189.0,0.42857142857142855
,ablation_payload:90,canonical:7314720732046,1,train,bundle:pos:81,real_bundle,bundle_diagnostic,medium,[],[5],positive_moderate_text_overlap,90.0,7168.0,0.4375
,ablation_payload:91,canonical:8697520790614,1,train,bundle:pos:82,real_bundle,bundle_diagnostic,easy,[],[],positive_high_text_overlap,91.0,12033.0,0.7142857142857143
,ablation_payload:92,canonical:3760091727114,1,train,bundle:pos:83,real_bundle,bundle_diagnostic,medium,[],[],positive_moderate_text_overlap,92.0,1268.0,0.2857142857142857
,ablation_payload:93,canonical:7044610877136,1,train,bundle:pos:84,real_bundle,bundle_diagnostic,medium,[],[],positive_moderate_text_overlap,93.0,6302.0,0.375
,ablation_payload:94,canonical:7044613877126,1,train,bundle:pos:85,real_bundle,bundle_diagnostic,medium,[],[],positive_moderate_text_overlap,94.0,6312.0,0.29411764705882354
,ablation_payload:95,canonical:7044614877125,1,train,bundle:pos:86,real_bundle,bundle_diagnostic,medium,[],[],positive_moderate_text_overlap,95.0,6313.0,0.35
,ablation_payload:96,canonical:7044610877150,1,test,bundle:pos:87,real_bundle,bundle_diagnostic,medium,[],[],positive_moderate_text_overlap,96.0,6304.0,0.2631578947368421
,ablation_payload:97,canonical:7044610877020,1,test,bundle:pos:88,real_bundle,bundle_diagnostic,medium,[],[],positive_moderate_text_overlap,97.0,6298.0,0.35714285714285715
,ablation_payload:98,canonical:7044610877129,1,dev,bundle:pos:89,real_bundle,bundle_diagnostic,medium,[],[],positive_moderate_text_overlap,98.0,6301.0,0.3076923076923077
,ablation_payload:99,canonical:8710642037167,1,test,bundle:pos:90,real_bundle,bundle_diagnostic,hard,[],[],positive_asymmetric_evidence,99.0,12141.0,0.6666666666666666
,ablation_payload:100,canonical:8710642037167,1,test,bundle:pos:91,real_bundle,bundle_diagnostic,medium,[],[],positive_moderate_text_overlap,100.0,12141.0,0.25
,ablation_payload:101,canonical:8710642036047,1,dev,bundle:pos:92,real_bundle,bundle_diagnostic,medium,[],[],positive_moderate_text_overlap,101.0,12137.0,0.4
,ablation_payload:102,canonical:3760195900000,1,test,bundle:pos:93,real_bundle,bundle_diagnostic,medium,[],[],positive_moderate_text_overlap,102.0,1299.0,0.3125
,ablation_payload:103,canonical:7310401054377,1,train,bundle:pos:94,real_bundle,bundle_diagnostic,easy,[],[],positive_high_text_overlap,103.0,6877.0,0.5833333333333334
,ablation_payload:104,canonical:7310401054377,1,train,bundle:pos:95,real_bundle,bundle_diagnostic,easy,[],[],positive_high_text_overlap,104.0,6877.0,0.5833333333333334
,ablation_payload:105,canonical:3292482520016,1,train,bundle:pos:96,real_bundle,bundle_diagnostic,medium,[],[4],positive_moderate_text_overlap,105.0,865.0,0.4375
,ablation_payload:106,canonical:7310401001661,1,train,bundle:pos:97,real_bundle,bundle_diagnostic,easy,[],[],positive_high_text_overlap,106.0,6833.0,0.5555555555555556
,ablation_payload:107,canonical:7310401051376,1,train,bundle:pos:98,real_bundle,bundle_diagnostic,medium,[],[],positive_moderate_text_overlap,107.0,6870.0,0.45454545454545453
,ablation_payload:108,canonical:7310401054377,1,train,bundle:pos:99,real_bundle,bundle_diagnostic,easy,[],[],positive_high_text_overlap,108.0,6877.0,0.6
,ablation_payload:109,canonical:5600821267276,1,test,bundle:pos:100,real_bundle,bundle_diagnostic,easy,[],[],positive_high_text_overlap,109.0,3828.0,0.6666666666666666
,ablation_payload:110,canonical:7611612404457,1,train,bundle:pos:101,real_bundle,bundle_diagnostic,medium,[],[],positive_moderate_text_overlap,110.0,8197.0,0.4666666666666667
,ablation_payload:111,canonical:7611612404457,1,train,bundle:pos:102,real_bundle,bundle_diagnostic,medium,[],[],positive_moderate_text_overlap,111.0,8197.0,0.4666666666666667
,ablation_payload:112,canonical:3250392595319,1,train,bundle:pos:103,real_bundle,bundle_diagnostic,easy,[],[],positive_high_text_overlap,112.0,651.0,0.5833333333333334
,ablation_payload:113,canonical:6419800053972,1,test,bundle:pos:104,real_bundle,bundle_diagnostic,medium,[],[],positive_moderate_text_overlap,113.0,5189.0,0.3076923076923077
,ablation_payload:114,canonical:6419800051190,1,dev,bundle:pos:105,real_bundle,bundle_diagnostic,medium,[],[],positive_moderate_text_overlap,114.0,5151.0,0.2857142857142857
,ablation_payload:115,canonical:5449000018038,1,dev,bundle:pos:106,real_bundle,bundle_diagnostic,easy,[],[],positive_high_text_overlap,115.0,3694.0,0.7777777777777778
,ablation_payload:116,canonical:4006643166734,1,dev,bundle:pos:107,real_bundle,bundle_diagnostic,medium,[],[],positive_moderate_text_overlap,116.0,1638.0,0.3181818181818182
,ablation_payload:117,canonical:4002334110314,1,train,bundle:pos:108,real_bundle,bundle_diagnostic,medium,[],[],positive_moderate_text_overlap,117.0,1499.0,0.4
,ablation_payload:118,canonical:3162850012019,1,dev,bundle:pos:109,real_bundle,bundle_diagnostic,medium,[],[],positive_moderate_text_overlap,118.0,566.0,0.29411764705882354
,ablation_payload:119,canonical:3162850012019,1,dev,bundle:pos:110,real_bundle,bundle_diagnostic,hard,[],[],positive_low_text_overlap,119.0,566.0,0.2
,ablation_payload:120,canonical:3119070910472,1,dev,bundle:pos:111,real_bundle,bundle_diagnostic,medium,[],[],positive_moderate_text_overlap,120.0,513.0,0.25
,ablation_payload:121,canonical:6419800052883,1,test,bundle:pos:112,real_bundle,bundle_diagnostic,medium,[],[],positive_moderate_text_overlap,121.0,5164.0,0.2222222222222222
,ablation_payload:122,canonical:2020005054080,1,train,bundle:pos:113,real_bundle,bundle_diagnostic,medium,[],[0],positive_moderate_text_overlap,122.0,375.0,0.3684210526315789
,ablation_payload:123,canonical:4779033974218,1,train,bundle:pos:114,real_bundle,bundle_diagnostic,medium,[],[],positive_moderate_text_overlap,123.0,2695.0,0.34782608695652173
,ablation_payload:124,canonical:5705830607010,1,train,bundle:pos:115,real_bundle,bundle_diagnostic,easy,[],[],positive_high_text_overlap,124.0,4042.0,0.5
,ablation_payload:125,canonical:7340083456695,1,train,bundle:pos:116,real_bundle,bundle_diagnostic,medium,[],[],positive_moderate_text_overlap,125.0,7346.0,0.35714285714285715
,ablation_payload:126,canonical:3700749304984,1,dev,bundle:pos:117,real_bundle,bundle_diagnostic,easy,[],[],positive_high_text_overlap,126.0,1226.0,0.5333333333333333
,ablation_payload:127,canonical:3700749300023,1,train,bundle:pos:118,real_bundle,bundle_diagnostic,easy,[],[3],positive_high_text_overlap,127.0,1195.0,0.5
,ablation_payload:128,canonical:3700749300115,1,train,bundle:pos:119,real_bundle,bundle_diagnostic,easy,[],[6],positive_high_text_overlap,128.0,1203.0,0.5
,ablation_payload:129,canonical:3700749302300,1,dev,bundle:pos:120,real_bundle,bundle_diagnostic,medium,[],[],positive_moderate_text_overlap,129.0,1218.0,0.35294117647058826
,ablation_payload:130,canonical:3700749304991,1,test,bundle:pos:121,real_bundle,bundle_diagnostic,medium,[],[],positive_moderate_text_overlap,130.0,1227.0,0.36363636363636365
,ablation_payload:131,canonical:3700749300917,1,test,bundle:pos:122,real_bundle,bundle_diagnostic,medium,[],[],positive_moderate_text_overlap,131.0,1214.0,0.26666666666666666
,ablation_payload:132,canonical:7311043010417,1,test,bundle:pos:123,real_bundle,bundle_diagnostic,easy,[],[],positive_high_text_overlap,132.0,7004.0,0.7142857142857143
,ablation_payload:133,canonical:6419800121558,1,dev,bundle:pos:124,real_bundle,bundle_diagnostic,easy,[],[],positive_high_text_overlap,133.0,5214.0,0.5
,ablation_payload:134,canonical:7611612222365,1,test,bundle:pos:125,real_bundle,bundle_diagnostic,medium,[],[],positive_moderate_text_overlap,134.0,8169.0,0.3157894736842105
,ablation_payload:135,canonical:3760195902318,1,test,bundle:pos:126,real_bundle,bundle_diagnostic,easy,[],[],positive_high_text_overlap,135.0,1305.0,0.6153846153846154
,ablation_payload:136,canonical:7350116311952,1,train,bundle:pos:127,real_bundle,bundle_diagnostic,medium,[],[],positive_moderate_text_overlap,136.0,7699.0,0.3333333333333333
,ablation_payload:137,canonical:7350116311969,1,dev,bundle:pos:128,real_bundle,bundle_diagnostic,medium,[],[],positive_moderate_text_overlap,137.0,7700.0,0.4444444444444444
,ablation_payload:138,canonical:7350116311945,1,test,bundle:pos:129,real_bundle,bundle_diagnostic,medium,[],[],positive_moderate_text_overlap,138.0,7698.0,0.2777777777777778
,ablation_payload:139,canonical:7350116311976,1,train,bundle:pos:130,real_bundle,bundle_diagnostic,medium,[],[],positive_moderate_text_overlap,139.0,7701.0,0.4117647058823529
,ablation_payload:140,canonical:7350116311174,1,test,bundle:pos:131,real_bundle,bundle_diagnostic,medium,[],[],positive_moderate_text_overlap,140.0,7693.0,0.3333333333333333
,ablation_payload:141,canonical:7611612404426,1,train,bundle:pos:132,real_bundle,bundle_diagnostic,medium,[],[],positive_moderate_text_overlap,141.0,8195.0,0.46153846153846156
,ablation_payload:142,canonical:7611612404433,1,dev,bundle:pos:133,real_bundle,bundle_diagnostic,easy,[],[],positive_high_text_overlap,142.0,8196.0,0.625
,ablation_payload:143,canonical:7611612404433,1,dev,bundle:pos:134,real_bundle,bundle_diagnostic,easy,[],[],positive_high_text_overlap,143.0,8196.0,0.625
,ablation_payload:144,canonical:8715600249743,1,train,bundle:pos:135,real_bundle,bundle_diagnostic,easy,[],[],positive_high_text_overlap,144.0,12409.0,0.5
,ablation_payload:145,canonical:8715600249743,1,train,bundle:pos:136,real_bundle,bundle_diagnostic,medium,[],[],positive_moderate_text_overlap,145.0,12409.0,0.25
,ablation_payload:146,canonical:7033850007656,1,train,bundle:pos:137,real_bundle,bundle_diagnostic,easy,[],[],positive_high_text_overlap,146.0,6102.0,0.7272727272727273
,ablation_payload:147,canonical:6430042708789,1,test,bundle:pos:138,real_bundle,bundle_diagnostic,medium,[],[],positive_moderate_text_overlap,147.0,5399.0,0.4
,ablation_payload:148,canonical:7310401054650,1,dev,bundle:pos:139,real_bundle,bundle_diagnostic,easy,[],[],positive_high_text_overlap,148.0,6878.0,0.6923076923076923
,ablation_payload:149,canonical:7310401051741,1,train,bundle:pos:140,real_bundle,bundle_diagnostic,medium,[],[],positive_moderate_text_overlap,149.0,6871.0,0.4166666666666667
,ablation_payload:150,canonical:8715600249453,1,train,bundle:pos:141,real_bundle,bundle_diagnostic,easy,[],[],positive_high_text_overlap,150.0,12407.0,0.5
,ablation_payload:151,canonical:3119070912155,1,dev,bundle:pos:142,real_bundle,bundle_diagnostic,medium,[],[],positive_moderate_text_overlap,151.0,514.0,0.25
,ablation_payload:152,canonical:8005613040278,1,train,bundle:pos:143,real_bundle,bundle_diagnostic,easy,[],[],positive_high_text_overlap,152.0,8859.0,0.5
,ablation_payload:153,canonical:4046234816020,1,test,bundle:pos:144,real_bundle,bundle_diagnostic,medium,[],[],positive_moderate_text_overlap,153.0,1980.0,0.34782608695652173
,ablation_payload:154,canonical:7310403054498,1,train,bundle:pos:145,real_bundle,bundle_diagnostic,medium,[],[],positive_moderate_text_overlap,154.0,6901.0,0.35
,ablation_payload:155,canonical:4260122391073,1,dev,bundle:pos:146,real_bundle,bundle_diagnostic,medium,[],[],positive_moderate_text_overlap,155.0,2388.0,0.36
,ablation_payload:156,canonical:4260122391486,1,train,bundle:pos:147,real_bundle,bundle_diagnostic,easy,[],[],positive_high_text_overlap,156.0,2395.0,0.5555555555555556
,ablation_payload:157,canonical:4260122391288,1,train,bundle:pos:148,real_bundle,bundle_diagnostic,easy,[],[],positive_high_text_overlap,157.0,2391.0,0.5555555555555556
,ablation_payload:158,canonical:4260122390373,1,train,bundle:pos:149,real_bundle,bundle_diagnostic,easy,[],[],positive_high_text_overlap,158.0,2383.0,0.5714285714285714
,ablation_payload:159,canonical:5430004017264,1,dev,bundle:pos:150,real_bundle,bundle_diagnostic,medium,[],[],positive_moderate_text_overlap,159.0,3685.0,0.3448275862068966
,ablation_payload:160,canonical:5430004017226,1,train,bundle:pos:151,real_bundle,bundle_diagnostic,medium,[],[],positive_moderate_text_overlap,160.0,3683.0,0.3333333333333333
,ablation_payload:161,canonical:5430004017233,1,train,bundle:pos:152,real_bundle,bundle_diagnostic,medium,[],[],positive_moderate_text_overlap,161.0,3684.0,0.27586206896551724
,ablation_payload:162,canonical:860002260938,1,train,bundle:pos:153,real_bundle,bundle_diagnostic,hard,[],[],positive_asymmetric_evidence,162.0,11675.0,0.3333333333333333
,ablation_payload:164,canonical:4260107222576,1,dev,bundle:pos:154,real_bundle,bundle_diagnostic,hard,[],[],positive_asymmetric_evidence,164.0,2374.0,0.5555555555555556
,ablation_payload:165,canonical:850003748955,1,train,bundle:pos:155,real_bundle,bundle_diagnostic,easy,[],[],positive_high_text_overlap,165.0,10484.0,0.7142857142857143
,ablation_payload:166,canonical:850033206180,1,dev,bundle:pos:156,real_bundle,bundle_diagnostic,hard,[],[],positive_asymmetric_evidence,166.0,10778.0,0.4
,ablation_payload:168,canonical:4260644046130,1,train,bundle:pos:157,real_bundle,bundle_diagnostic,medium,[],[],positive_moderate_text_overlap,168.0,2521.0,0.35294117647058826
,ablation_payload:169,canonical:183633000026,1,train,bundle:pos:158,real_bundle,bundle_diagnostic,hard,[],[],positive_asymmetric_evidence,169.0,273.0,0.25
,ablation_payload:170,canonical:858379004095,1,test,bundle:pos:159,real_bundle,bundle_diagnostic,hard,[],[],positive_low_text_overlap,170.0,11535.0,0.2
,ablation_payload:171,canonical:853303007029,1,train,bundle:pos:160,real_bundle,bundle_diagnostic,hard,[],[],positive_asymmetric_evidence,171.0,11174.0,0.3333333333333333
,ablation_payload:172,canonical:810044577662,1,train,bundle:pos:161,real_bundle,bundle_diagnostic,hard,[],[],positive_asymmetric_evidence,172.0,9194.0,0.6
,ablation_payload:173,canonical:860000352901,1,train,bundle:pos:162,real_bundle,bundle_diagnostic,medium,[],[],positive_moderate_text_overlap,173.0,11648.0,0.3333333333333333
,ablation_payload:174,canonical:860000352918,1,train,bundle:pos:163,real_bundle,bundle_diagnostic,medium,[],[],positive_moderate_text_overlap,174.0,11649.0,0.3
,ablation_payload:175,canonical:5060333540012,1,test,bundle:pos:164,real_bundle,bundle_diagnostic,hard,[],[],positive_asymmetric_evidence,175.0,3127.0,0.45454545454545453
,ablation_payload:177,canonical:651973512276,1,train,bundle:pos:165,real_bundle,bundle_diagnostic,easy,[],[],positive_high_text_overlap,177.0,5565.0,1.0
,ablation_payload:178,canonical:4018852032779,1,train,bundle:pos:166,real_bundle,bundle_diagnostic,easy,[],[],positive_high_text_overlap,178.0,1841.0,0.8571428571428571
,ablation_payload:179,canonical:4005009103680,1,dev,bundle:pos:167,real_bundle,bundle_diagnostic,easy,[],[],positive_high_text_overlap,179.0,1572.0,0.6666666666666666
,ablation_payload:180,canonical:4042600342889,1,test,bundle:pos:168,real_bundle,bundle_diagnostic,easy,[],[],positive_high_text_overlap,180.0,1955.0,0.5
,ablation_payload:181,canonical:4042600359153,1,train,bundle:pos:169,real_bundle,bundle_diagnostic,easy,[],[],positive_high_text_overlap,181.0,1956.0,0.5
,ablation_payload:182,canonical:3600520752778,1,train,bundle:pos:170,real_bundle,bundle_diagnostic,medium,[],[2],positive_moderate_text_overlap,182.0,1133.0,0.4375
,ablation_payload:183,canonical:5449000143129,1,test,bundle:pos:171,real_bundle,bundle_diagnostic,easy,[],[],positive_high_text_overlap,183.0,3714.0,0.6666666666666666
,ablation_payload:184,canonical:4051454000012,1,train,bundle:pos:172,real_bundle,bundle_diagnostic,hard,[],[],positive_asymmetric_evidence,184.0,1997.0,0.3
,ablation_payload:185,canonical:6420610113787,1,train,bundle:pos:173,real_bundle,bundle_diagnostic,easy,[],[],positive_high_text_overlap,185.0,5246.0,0.6
,ablation_payload:186,canonical:4000269101469,1,train,bundle:pos:174,real_bundle,bundle_diagnostic,hard,[],[],positive_asymmetric_evidence,186.0,1470.0,0.5714285714285714
,ablation_payload:187,canonical:3770009345286,1,train,bundle:pos:175,real_bundle,bundle_diagnostic,easy,[],[],positive_high_text_overlap,187.0,1398.0,0.5
,ablation_payload:188,canonical:7310401051758,1,train,bundle:pos:176,real_bundle,bundle_diagnostic,medium,[],[],positive_moderate_text_overlap,188.0,6872.0,0.21052631578947367
,ablation_payload:189,canonical:4260122390892,1,dev,bundle:pos:177,real_bundle,bundle_diagnostic,easy,[],[],positive_high_text_overlap,189.0,2387.0,0.5
,ablation_payload:190,canonical:4104450064493,1,train,bundle:pos:178,real_bundle,bundle_diagnostic,easy,[],[],positive_high_text_overlap,190.0,2234.0,0.5
,ablation_payload:191,canonical:4104450120946,1,train,bundle:pos:179,real_bundle,bundle_diagnostic,medium,[],[],positive_moderate_text_overlap,191.0,2241.0,0.2727272727272727
,augmentation:13299,canonical:3770009345286,1,train,bundle:pos:180,positive,mint_diagnostic,medium,"[{""anchor_payload_idx"": 187, ""anchor_text"": ""la french soft drink pink grapefruit french please origin france pct0to2 grapefruit still volume_ml_1000 package_type_bottle flavor_grapefruit carbonation_still juice_content_0-2%"", ""coherent_prose"": false, ""configured_mask_hi"": null, ""configured_mask_lo"": null, ""copy_pair_payload_idx"": null, ""copy_payload_idx"": 13299, ""copy_source_payload_idx"": null, ""donor_anchor_entity"": null, ""donor_anchor_payload_idx"": null, ""donor_pair_entity"": null, ""donor_pair_payload_idx"": null, ""donor_split"": null, ""fields_after"": {}, ""fields_before"": {}, ""fields_hit"": [], ""generation_variant"": ""masked"", ""gtin"": ""3770009345286"", ""mask_prob"": null, ""masked_text"": ""[MASK] french soft drink pink grapefruit [MASK] please origin [MASK] pct0to2 grapefruit still volume_ml_1000 package_type_bottle flavor_grapefruit carbonation_still juice_content_0-2%"", ""pair_payload_idx"": 1398, ""population"": ""positive"", ""realized_extent"": 0.16666666666666666, ""target_mode"": ""targeted""}]",[],positive_moderate_text_overlap,13299.0,1398.0,0.4166666666666667
,augmentation:13300,canonical:5430004017233,1,train,bundle:pos:181,positive,mint_diagnostic,medium,"[{""anchor_payload_idx"": 161, ""anchor_text"": ""vit hit vithit vitamin drink reboot mandarin soda low sugar content 50cl benefit package sweetener sucralose sugar nutri score origin ireland mandarin free allergens vitamin antioxidants pct5to10 low sugar good source vitamins low calories volume_ml_500 pack_qty_12 package_type_bottle flavor_mandarin carbonation_carbonated sweetener_type_sucralose sweetener_type_sugar sweetening_low_sugar juice_content_5-10%"", ""coherent_prose"": false, ""configured_mask_hi"": null, ""configured_mask_lo"": null, ""copy_pair_payload_idx"": null, ""copy_payload_idx"": 13300, ""copy_source_payload_idx"": null, ""donor_anchor_entity"": null, ""donor_anchor_payload_idx"": null, ""donor_pair_entity"": null, ""donor_pair_payload_idx"": null, ""donor_split"": null, ""fields_after"": {}, ""fields_before"": {}, ""fields_hit"": [], ""generation_variant"": ""masked"", ""gtin"": ""5430004017233"", ""mask_prob"": null, ""masked_text"": ""vit hit vithit [MASK] drink [MASK] mandarin soda low sugar content 50cl benefit package sweetener sucralose sugar [MASK] score origin ireland mandarin free [MASK] [MASK] antioxidants pct5to10 low sugar [MASK] source vitamins low calories volume_ml_500 pack_qty_12 package_type_bottle flavor_mandarin carbonation_carbonated sweetener_type_sucralose sweetener_type_sugar sweetening_low_sugar juice_content_5-10%"", ""pair_payload_idx"": 3684, ""population"": ""positive"", ""realized_extent"": 0.13953488372093023, ""target_mode"": ""targeted""}]",[],positive_moderate_text_overlap,13300.0,3684.0,0.2222222222222222
,augmentation:13301,canonical:5060446100455,1,train,bundle:pos:182,positive,mint_diagnostic,medium,"[{""anchor_payload_idx"": 87, ""anchor_text"": ""wow hydrate wow hydrate electrolyte lemon lime 500ml sports positioning fitness lemon lime diets low carbs pct0to2 contains minerals calcium still sports electrolytes sugar system mood enhancing antioxidant good source minerals good source vitamins hydrating fatigue relief caffeine 50 sweetener sucralose blister vitamin antioxidants volume_ml_500 package_type_blister flavor_lemon flavor_lime carbonation_still sweetener_diet_no_sugar sweetener_type_sucralose juice_content_0-2%"", ""coherent_prose"": false, ""configured_mask_hi"": null, ""configured_mask_lo"": null, ""copy_pair_payload_idx"": null, ""copy_payload_idx"": 13301, ""copy_source_payload_idx"": null, ""donor_anchor_entity"": null, ""donor_anchor_payload_idx"": null, ""donor_pair_entity"": null, ""donor_pair_payload_idx"": null, ""donor_split"": null, ""fields_after"": {}, ""fields_before"": {}, ""fields_hit"": [], ""generation_variant"": ""masked"", ""gtin"": ""5060446100455"", ""mask_prob"": null, ""masked_text"": ""wow [MASK] [MASK] hydrate electrolyte lemon lime 500ml sports positioning fitness lemon lime diets low carbs pct0to2 contains minerals calcium still sports [MASK] sugar system mood enhancing antioxidant good source [MASK] good source [MASK] [MASK] fatigue relief [MASK] 50 sweetener sucralose blister [MASK] antioxidants volume_ml_500 package_type_blister flavor_lemon flavor_lime carbonation_still sweetener_diet_no_sugar sweetener_type_sucralose juice_content_0-2%"", ""pair_payload_idx"": 3210, ""population"": ""positive"", ""realized_extent"": 0.15384615384615385, ""target_mode"": ""targeted""}]",[],positive_moderate_text_overlap,13301.0,3210.0,0.21875
,augmentation:13302,canonical:5010889010040,1,train,bundle:pos:183,positive,mint_diagnostic,hard,"[{""anchor_payload_idx"": 42, ""anchor_text"": ""ka ka sparkling black grape juice soft drink 330ml energy source vitamins sweetener sucralose sugar acesulfame potassium diets vegan packaging recycled carbonated sparkling grape volume_ml_330 package_type_can flavor_grape carbonation_carbonated sweetener_type_acesulfame_potassium sweetener_type_sucralose sweetener_type_sugar package_material_metal"", ""coherent_prose"": false, ""configured_mask_hi"": null, ""configured_mask_lo"": null, ""copy_pair_payload_idx"": null, ""copy_payload_idx"": 13302, ""copy_source_payload_idx"": null, ""donor_anchor_entity"": null, ""donor_anchor_payload_idx"": null, ""donor_pair_entity"": null, ""donor_pair_payload_idx"": null, ""donor_split"": null, ""fields_after"": {}, ""fields_before"": {}, ""fields_hit"": [], ""generation_variant"": ""masked"", ""gtin"": ""5010889010040"", ""mask_prob"": null, ""masked_text"": ""ka [MASK] sparkling [MASK] grape [MASK] [MASK] drink 330ml [MASK] source vitamins sweetener sucralose sugar acesulfame potassium diets vegan packaging recycled carbonated sparkling grape volume_ml_330 package_type_can flavor_grape carbonation_carbonated sweetener_type_acesulfame_potassium sweetener_type_sucralose sweetener_type_sugar package_material_metal"", ""pair_payload_idx"": 2859, ""population"": ""positive"", ""realized_extent"": 0.15625, ""target_mode"": ""targeted""}]",[],positive_low_text_overlap,13302.0,2859.0,0.16666666666666666
,augmentation:13303,canonical:4779033974218,1,train,bundle:pos:184,positive,mint_diagnostic,medium,"[{""anchor_payload_idx"": 123, ""anchor_text"": ""omg omg bubble tea passion fruit popping apple flavour bubbles 270 contains minerals calcium sweetener fructose sugar 270 caffeine 15 25 pct0to2 tea green tea passionfruit apple still volume_ml_270 package_type_can flavor_apple flavor_fruit flavor_passion flavor_passionfruit flavor_tea carbonation_still sweetener_type_fructose sweetener_type_sugar package_material_metal juice_content_0-2%"", ""coherent_prose"": false, ""configured_mask_hi"": null, ""configured_mask_lo"": null, ""copy_pair_payload_idx"": null, ""copy_payload_idx"": 13303, ""copy_source_payload_idx"": null, ""donor_anchor_entity"": null, ""donor_anchor_payload_idx"": null, ""donor_pair_entity"": null, ""donor_pair_payload_idx"": null, ""donor_split"": null, ""fields_after"": {}, ""fields_before"": {}, ""fields_hit"": [], ""generation_variant"": ""masked"", ""gtin"": ""4779033974218"", ""mask_prob"": null, ""masked_text"": ""[MASK] omg [MASK] tea passion fruit [MASK] apple flavour bubbles 270 contains [MASK] [MASK] sweetener fructose sugar 270 [MASK] 15 25 pct0to2 tea green tea passionfruit apple still volume_ml_270 package_type_can flavor_apple flavor_fruit flavor_passion flavor_passionfruit flavor_tea carbonation_still sweetener_type_fructose sweetener_type_sugar package_material_metal juice_content_0-2%"", ""pair_payload_idx"": 2695, ""population"": ""positive"", ""realized_extent"": 0.15, ""target_mode"": ""targeted""}]",[],positive_moderate_text_overlap,13303.0,2695.0,0.42105263157894735
,augmentation:13304,canonical:4260122390373,1,train,bundle:pos:185,positive,mint_diagnostic,easy,"[{""anchor_payload_idx"": 158, ""anchor_text"": ""true fruits true fruits smoothie triple yellow smoothie sweetener sugar still caffeine 15 25 made banana apple orange passion fruit mango free lactose free pct100 volume_ml_750 flavor_apple flavor_fruit flavor_mango flavor_orange flavor_passion carbonation_still sweetener_diet_sugar sweetener_type_sugar juice_content_100%"", ""coherent_prose"": false, ""configured_mask_hi"": null, ""configured_mask_lo"": null, ""copy_pair_payload_idx"": null, ""copy_payload_idx"": 13304, ""copy_source_payload_idx"": null, ""donor_anchor_entity"": null, ""donor_anchor_payload_idx"": null, ""donor_pair_entity"": null, ""donor_pair_payload_idx"": null, ""donor_split"": null, ""fields_after"": {}, ""fields_before"": {}, ""fields_hit"": [], ""generation_variant"": ""masked"", ""gtin"": ""4260122390373"", ""mask_prob"": null, ""masked_text"": ""true fruits [MASK] fruits smoothie triple [MASK] smoothie sweetener sugar still [MASK] 15 25 [MASK] [MASK] apple orange passion fruit mango free lactose free pct100 volume_ml_750 flavor_apple flavor_fruit flavor_mango flavor_orange flavor_passion carbonation_still sweetener_diet_sugar sweetener_type_sugar juice_content_100%"", ""pair_payload_idx"": 2383, ""population"": ""positive"", ""realized_extent"": 0.14285714285714285, ""target_mode"": ""targeted""}]",[],positive_high_text_overlap,13304.0,2383.0,0.5789473684210527
,augmentation:13305,canonical:5060490010861,1,train,bundle:pos:186,positive,mint_diagnostic,medium,"[{""anchor_payload_idx"": 23, ""anchor_text"": ""moju defence hot mango immunity shots 7x daily shots 420ml system still 420 cold press smoothie mango caffeine 15 25 made ginger apple pepper lemon orange barbados cherry mango vitamin ginger turmeric antioxidants volume_ml_420 package_type_bottle flavor_apple flavor_cherry flavor_ginger flavor_lemon flavor_mango flavor_orange carbonation_still"", ""coherent_prose"": false, ""configured_mask_hi"": null, ""configured_mask_lo"": null, ""copy_pair_payload_idx"": null, ""copy_payload_idx"": 13305, ""copy_source_payload_idx"": null, ""donor_anchor_entity"": null, ""donor_anchor_payload_idx"": null, ""donor_pair_entity"": null, ""donor_pair_payload_idx"": null, ""donor_split"": null, ""fields_after"": {}, ""fields_before"": {}, ""fields_hit"": [], ""generation_variant"": ""masked"", ""gtin"": ""5060490010861"", ""mask_prob"": null, ""masked_text"": ""moju [MASK] [MASK] mango immunity shots 7x daily shots 420ml system still 420 [MASK] press [MASK] mango caffeine 15 25 made ginger apple pepper lemon orange [MASK] cherry mango vitamin ginger turmeric [MASK] volume_ml_420 package_type_bottle flavor_apple flavor_cherry flavor_ginger flavor_lemon flavor_mango flavor_orange carbonation_still"", ""pair_payload_idx"": 3259, ""population"": ""positive"", ""realized_extent"": 0.14285714285714285, ""target_mode"": ""targeted""}]",[],positive_moderate_text_overlap,13305.0,3259.0,0.4583333333333333
,augmentation:13306,canonical:7611612404457,1,train,bundle:pos:187,positive,mint_diagnostic,medium,"[{""anchor_payload_idx"": 110, ""anchor_text"": ""premier lemon zero soda pet pct5to10 carbonated vitamin antioxidants lemon sugar sweetener aspartame acesulfame potassium sweeteners volume_ml_1500 flavor_lemon carbonation_carbonated sweetener_diet_no_sugar sweetener_type_acesulfame_potassium sweetener_type_aspartame sweetening_no_artificial_sweeteners package_material_pet juice_content_5-10%"", ""coherent_prose"": false, ""configured_mask_hi"": null, ""configured_mask_lo"": null, ""copy_pair_payload_idx"": null, ""copy_payload_idx"": 13306, ""copy_source_payload_idx"": null, ""donor_anchor_entity"": null, ""donor_anchor_payload_idx"": null, ""donor_pair_entity"": null, ""donor_pair_payload_idx"": null, ""donor_split"": null, ""fields_after"": {}, ""fields_before"": {}, ""fields_hit"": [], ""generation_variant"": ""masked"", ""gtin"": ""7611612404457"", ""mask_prob"": null, ""masked_text"": ""[MASK] lemon zero soda pet pct5to10 carbonated [MASK] [MASK] lemon sugar sweetener aspartame acesulfame potassium sweeteners volume_ml_1500 flavor_lemon carbonation_carbonated sweetener_diet_no_sugar sweetener_type_acesulfame_potassium sweetener_type_aspartame sweetening_no_artificial_sweeteners package_material_pet juice_content_5-10%"", ""pair_payload_idx"": 8197, ""population"": ""positive"", ""realized_extent"": 0.12, ""target_mode"": ""targeted""}]",[],positive_moderate_text_overlap,13306.0,8197.0,0.42857142857142855
,augmentation:13307,canonical:4104450064493,1,train,bundle:pos:188,positive,mint_diagnostic,easy,"[{""anchor_payload_idx"": 190, ""anchor_text"": ""vilsa vilsa plus bio blackcurrant disposable pct0to2 pouch still blackcurrant volume_ml_1000 package_type_pouch flavor_blackcurrant carbonation_still juice_content_0-2%"", ""coherent_prose"": false, ""configured_mask_hi"": null, ""configured_mask_lo"": null, ""copy_pair_payload_idx"": null, ""copy_payload_idx"": 13307, ""copy_source_payload_idx"": null, ""donor_anchor_entity"": null, ""donor_anchor_payload_idx"": null, ""donor_pair_entity"": null, ""donor_pair_payload_idx"": null, ""donor_split"": null, ""fields_after"": {}, ""fields_before"": {}, ""fields_hit"": [], ""generation_variant"": ""masked"", ""gtin"": ""4104450064493"", ""mask_prob"": null, ""masked_text"": ""vilsa vilsa [MASK] [MASK] blackcurrant disposable pct0to2 pouch still blackcurrant volume_ml_1000 package_type_pouch flavor_blackcurrant carbonation_still juice_content_0-2%"", ""pair_payload_idx"": 2234, ""population"": ""positive"", ""realized_extent"": 0.13333333333333333, ""target_mode"": ""targeted""}]",[],positive_high_text_overlap,13307.0,2234.0,0.5714285714285714
,augmentation:13308,canonical:4260122391288,1,train,bundle:pos:189,positive,mint_diagnostic,medium,"[{""anchor_payload_idx"": 157, ""anchor_text"": ""true fruits true fruits smoothie orange still caffeine 15 25 smoothie pct100 sweetener sugar orange made apple orange barbados cherry mango volume_ml_250 package_type_bottle flavor_apple flavor_cherry flavor_fruit flavor_mango flavor_orange carbonation_still sweetener_diet_sugar sweetener_type_sugar juice_content_100%"", ""coherent_prose"": false, ""configured_mask_hi"": null, ""configured_mask_lo"": null, ""copy_pair_payload_idx"": null, ""copy_payload_idx"": 13308, ""copy_source_payload_idx"": null, ""donor_anchor_entity"": null, ""donor_anchor_payload_idx"": null, ""donor_pair_entity"": null, ""donor_pair_payload_idx"": null, ""donor_split"": null, ""fields_after"": {}, ""fields_before"": {}, ""fields_hit"": [], ""generation_variant"": ""masked"", ""gtin"": ""4260122391288"", ""mask_prob"": null, ""masked_text"": ""[MASK] fruits [MASK] fruits smoothie orange still [MASK] 15 25 [MASK] pct100 sweetener sugar orange made apple orange [MASK] cherry mango volume_ml_250 package_type_bottle flavor_apple flavor_cherry flavor_fruit flavor_mango flavor_orange carbonation_still sweetener_diet_sugar sweetener_type_sugar juice_content_100%"", ""pair_payload_idx"": 2391, ""population"": ""positive"", ""realized_extent"": 0.15625, ""target_mode"": ""targeted""}]",[],positive_moderate_text_overlap,13308.0,2391.0,0.4444444444444444
,augmentation:13309,canonical:762357000583,1,train,bundle:pos:190,positive,mint_diagnostic,easy,"[{""anchor_payload_idx"": 31, ""anchor_text"": ""evolution fresh evolution fresh organic strawberry vanilla real fruit soda sweeteners carbonated strawberry vanilla colours sweeteners pct100 antioxidants added sugar digestive system probiotic antioxidant pre biotic volume_ml_355 package_type_can flavor_fruit flavor_strawberry flavor_vanilla carbonation_carbonated sweetener_diet_no_added_sugar sweetening_no_artificial_sweeteners juice_content_100%"", ""coherent_prose"": false, ""configured_mask_hi"": null, ""configured_mask_lo"": null, ""copy_pair_payload_idx"": null, ""copy_payload_idx"": 13309, ""copy_source_payload_idx"": null, ""donor_anchor_entity"": null, ""donor_anchor_payload_idx"": null, ""donor_pair_entity"": null, ""donor_pair_payload_idx"": null, ""donor_split"": null, ""fields_after"": {}, ""fields_before"": {}, ""fields_hit"": [], ""generation_variant"": ""masked"", ""gtin"": ""762357000583"", ""mask_prob"": null, ""masked_text"": ""[MASK] fresh evolution fresh organic strawberry vanilla [MASK] fruit soda sweeteners carbonated strawberry vanilla colours sweeteners pct100 [MASK] added sugar [MASK] system probiotic [MASK] pre biotic volume_ml_355 package_type_can flavor_fruit flavor_strawberry flavor_vanilla carbonation_carbonated sweetener_diet_no_added_sugar sweetening_no_artificial_sweeteners juice_content_100%"", ""pair_payload_idx"": 8327, ""population"": ""positive"", ""realized_extent"": 0.14285714285714285, ""target_mode"": ""targeted""}]",[],positive_high_text_overlap,13309.0,8327.0,0.5
,augmentation:13310,canonical:7611612404457,1,train,bundle:pos:191,positive,mint_diagnostic,medium,"[{""anchor_payload_idx"": 111, ""anchor_text"": ""premier lemon zero soda pet sweetener aspartame acesulfame potassium pct5to10 sugar carbonated vitamin antioxidants sweeteners lemon volume_ml_1500 flavor_lemon carbonation_carbonated sweetener_diet_no_sugar sweetener_type_acesulfame_potassium sweetener_type_aspartame sweetening_no_artificial_sweeteners package_material_pet juice_content_5-10%"", ""coherent_prose"": false, ""configured_mask_hi"": null, ""configured_mask_lo"": null, ""copy_pair_payload_idx"": null, ""copy_payload_idx"": 13310, ""copy_source_payload_idx"": null, ""donor_anchor_entity"": null, ""donor_anchor_payload_idx"": null, ""donor_pair_entity"": null, ""donor_pair_payload_idx"": null, ""donor_split"": null, ""fields_after"": {}, ""fields_before"": {}, ""fields_hit"": [], ""generation_variant"": ""masked"", ""gtin"": ""7611612404457"", ""mask_prob"": null, ""masked_text"": ""[MASK] lemon zero soda pet sweetener aspartame acesulfame potassium pct5to10 sugar carbonated [MASK] [MASK] sweeteners lemon volume_ml_1500 flavor_lemon carbonation_carbonated sweetener_diet_no_sugar sweetener_type_acesulfame_potassium sweetener_type_aspartame sweetening_no_artificial_sweeteners package_material_pet juice_content_5-10%"", ""pair_payload_idx"": 8197, ""population"": ""positive"", ""realized_extent"": 0.12, ""target_mode"": ""targeted""}]",[],positive_moderate_text_overlap,13310.0,8197.0,0.42857142857142855
,augmentation:13311,canonical:7044614877125,1,train,bundle:pos:192,positive,mint_diagnostic,medium,"[{""anchor_payload_idx"": 95, ""anchor_text"": ""farris farris frus apple kiwi 0.33lx6 concentrate made kiwi apple kiwi apple sugar calories caffeine 15 25 liquid carbonated origin norway sweetener aspartame acesulfame potassium volume_ml_330 package_type_box flavor_apple flavor_kiwi carbonation_carbonated sweetener_diet_no_sugar sweetener_type_acesulfame_potassium sweetener_type_aspartame sweetening_sweetened"", ""coherent_prose"": false, ""configured_mask_hi"": null, ""configured_mask_lo"": null, ""copy_pair_payload_idx"": null, ""copy_payload_idx"": 13311, ""copy_source_payload_idx"": null, ""donor_anchor_entity"": null, ""donor_anchor_payload_idx"": null, ""donor_pair_entity"": null, ""donor_pair_payload_idx"": null, ""donor_split"": null, ""fields_after"": {}, ""fields_before"": {}, ""fields_hit"": [], ""generation_variant"": ""masked"", ""gtin"": ""7044614877125"", ""mask_prob"": null, ""masked_text"": ""[MASK] [MASK] frus apple kiwi 0.33lx6 concentrate made kiwi apple kiwi apple sugar calories caffeine 15 25 [MASK] carbonated [MASK] [MASK] sweetener aspartame acesulfame potassium volume_ml_330 package_type_box flavor_apple flavor_kiwi carbonation_carbonated sweetener_diet_no_sugar sweetener_type_acesulfame_potassium sweetener_type_aspartame sweetening_sweetened"", ""pair_payload_idx"": 6313, ""population"": ""positive"", ""realized_extent"": 0.14705882352941177, ""target_mode"": ""targeted""}]",[],positive_moderate_text_overlap,13311.0,6313.0,0.3333333333333333
,augmentation:13312,canonical:7611612404402,1,train,bundle:pos:193,positive,mint_diagnostic,medium,"[{""anchor_payload_idx"": 17, ""anchor_text"": ""premier cola zero soda pet carbonated sweetener aspartame acesulfame potassium pct0to2 sweeteners sugar volume_ml_1500 package_type_bottle flavor_cola carbonation_carbonated sweetener_diet_no_sugar sweetener_type_acesulfame_potassium sweetener_type_aspartame sweetening_no_artificial_sweeteners package_material_pet juice_content_0-2%"", ""coherent_prose"": false, ""configured_mask_hi"": null, ""configured_mask_lo"": null, ""copy_pair_payload_idx"": null, ""copy_payload_idx"": 13312, ""copy_source_payload_idx"": null, ""donor_anchor_entity"": null, ""donor_anchor_payload_idx"": null, ""donor_pair_entity"": null, ""donor_pair_payload_idx"": null, ""donor_split"": null, ""fields_after"": {}, ""fields_before"": {}, ""fields_hit"": [], ""generation_variant"": ""masked"", ""gtin"": ""7611612404402"", ""mask_prob"": null, ""masked_text"": ""[MASK] cola zero soda pet carbonated sweetener aspartame acesulfame potassium pct0to2 sweeteners sugar volume_ml_1500 package_type_bottle flavor_cola carbonation_carbonated sweetener_diet_no_sugar sweetener_type_acesulfame_potassium sweetener_type_aspartame sweetening_no_artificial_sweeteners package_material_pet juice_content_0-2%"", ""pair_payload_idx"": 8193, ""population"": ""positive"", ""realized_extent"": 0.043478260869565216, ""target_mode"": ""targeted""}]",[],positive_moderate_text_overlap,13312.0,8193.0,0.42857142857142855
,augmentation:13313,canonical:3292482220046,1,train,bundle:pos:194,positive,mint_diagnostic,easy,"[{""anchor_payload_idx"": 55, ""anchor_text"": ""la mortuacienne la mortuacienne joy grapefruit soft drink 1l flavoured pct0to2 sweetener sugar carbonated grapefruit vitamin antioxidants volume_ml_1000 package_type_bottle flavor_grapefruit carbonation_carbonated sweetener_diet_sugar sweetener_type_sugar package_material_metal juice_content_0-2%"", ""coherent_prose"": false, ""configured_mask_hi"": null, ""configured_mask_lo"": null, ""copy_pair_payload_idx"": null, ""copy_payload_idx"": 13313, ""copy_source_payload_idx"": null, ""donor_anchor_entity"": null, ""donor_anchor_payload_idx"": null, ""donor_pair_entity"": null, ""donor_pair_payload_idx"": null, ""donor_split"": null, ""fields_after"": {}, ""fields_before"": {}, ""fields_hit"": [], ""generation_variant"": ""masked"", ""gtin"": ""3292482220046"", ""mask_prob"": null, ""masked_text"": ""[MASK] [MASK] la mortuacienne joy grapefruit soft [MASK] 1l [MASK] pct0to2 sweetener sugar carbonated grapefruit vitamin antioxidants volume_ml_1000 package_type_bottle flavor_grapefruit carbonation_carbonated sweetener_diet_sugar sweetener_type_sugar package_material_metal juice_content_0-2%"", ""pair_payload_idx"": 857, ""population"": ""positive"", ""realized_extent"": 0.16, ""target_mode"": ""targeted""}]",[7],positive_high_text_overlap,13313.0,857.0,0.5
,augmentation:13314,canonical:4042600359153,1,train,bundle:pos:195,positive,mint_diagnostic,medium,"[{""anchor_payload_idx"": 181, ""anchor_text"": ""jeden tag every day mineral water medium disposable pct0to2 mineral still volume_ml_1500 package_type_bottle carbonation_still juice_content_0-2%"", ""coherent_prose"": false, ""configured_mask_hi"": null, ""configured_mask_lo"": null, ""copy_pair_payload_idx"": null, ""copy_payload_idx"": 13314, ""copy_source_payload_idx"": null, ""donor_anchor_entity"": null, ""donor_anchor_payload_idx"": null, ""donor_pair_entity"": null, ""donor_pair_payload_idx"": null, ""donor_split"": null, ""fields_after"": {}, ""fields_before"": {}, ""fields_hit"": [], ""generation_variant"": ""masked"", ""gtin"": ""4042600359153"", ""mask_prob"": null, ""masked_text"": ""jeden [MASK] every day [MASK] water medium disposable pct0to2 mineral still volume_ml_1500 package_type_bottle carbonation_still juice_content_0-2%"", ""pair_payload_idx"": 1956, ""population"": ""positive"", ""realized_extent"": 0.13333333333333333, ""target_mode"": ""targeted""}]",[],positive_moderate_text_overlap,13314.0,1956.0,0.36363636363636365
,augmentation:13315,canonical:4018852032779,1,train,bundle:pos:196,positive,mint_diagnostic,easy,"[{""anchor_payload_idx"": 178, ""anchor_text"": ""bebivita bebivita fennel apple still mineral water disposable apple fennel mineral still volume_ml_500 package_type_bottle flavor_apple flavor_fennel carbonation_still"", ""coherent_prose"": false, ""configured_mask_hi"": null, ""configured_mask_lo"": null, ""copy_pair_payload_idx"": null, ""copy_payload_idx"": 13315, ""copy_source_payload_idx"": null, ""donor_anchor_entity"": null, ""donor_anchor_payload_idx"": null, ""donor_pair_entity"": null, ""donor_pair_payload_idx"": null, ""donor_split"": null, ""fields_after"": {}, ""fields_before"": {}, ""fields_hit"": [], ""generation_variant"": ""masked"", ""gtin"": ""4018852032779"", ""mask_prob"": null, ""masked_text"": ""[MASK] bebivita fennel apple still mineral [MASK] disposable apple fennel [MASK] still volume_ml_500 package_type_bottle flavor_apple flavor_fennel carbonation_still"", ""pair_payload_idx"": 1841, ""population"": ""positive"", ""realized_extent"": 0.17647058823529413, ""target_mode"": ""targeted""}]",[],positive_high_text_overlap,13315.0,1841.0,0.8571428571428571
,ablation_payload:122,canonical:4779033974218,0,train,bundle:neg:0,real_bundle,bundle_diagnostic,medium,[],[0],negative_moderate_distinction,122.0,2695.0,0.35
,ablation_payload:120,canonical:3119070912155,0,dev,bundle:neg:1,real_bundle,bundle_diagnostic,medium,[],[],negative_moderate_distinction,120.0,514.0,0.25
,ablation_payload:55,canonical:3292482520016,0,train,bundle:neg:2,real_bundle,bundle_diagnostic,medium,[],[1],negative_moderate_distinction,55.0,865.0,0.375
,ablation_payload:182,canonical:7314720732046,0,train,bundle:neg:3,real_bundle,bundle_diagnostic,medium,[],[2],negative_moderate_distinction,182.0,7168.0,0.35294117647058826
,ablation_payload:127,canonical:3700749300115,0,train,bundle:neg:4,real_bundle,bundle_diagnostic,hard,[],[3],negative_lookalike_few_conflicts,127.0,1203.0,0.5
,ablation_payload:131,canonical:3700749304991,0,test,bundle:neg:5,real_bundle,bundle_diagnostic,medium,[],[],negative_moderate_distinction,131.0,1227.0,0.26666666666666666
,ablation_payload:129,canonical:3700749304984,0,dev,bundle:neg:6,real_bundle,bundle_diagnostic,medium,[],[],negative_moderate_distinction,129.0,1226.0,0.3333333333333333
,ablation_payload:102,canonical:3760195902318,0,test,bundle:neg:7,real_bundle,bundle_diagnostic,medium,[],[],negative_moderate_distinction,102.0,1305.0,0.375
,ablation_payload:53,canonical:4006643166734,0,dev,bundle:neg:8,real_bundle,bundle_diagnostic,medium,[],[],negative_moderate_distinction,53.0,1638.0,0.35
,ablation_payload:85,canonical:4088600270227,0,dev,bundle:neg:9,real_bundle,bundle_diagnostic,medium,[],[],negative_moderate_distinction,85.0,2075.0,0.3888888888888889
,ablation_payload:189,canonical:4260122391073,0,dev,bundle:neg:10,real_bundle,bundle_diagnostic,hard,[],[],negative_lookalike_few_conflicts,189.0,2388.0,0.5
,ablation_payload:74,canonical:5060333540012,0,test,bundle:neg:11,real_bundle,bundle_diagnostic,medium,[],[],negative_moderate_distinction,74.0,3127.0,0.23076923076923078
,ablation_payload:73,canonical:6430042708789,0,test,bundle:neg:12,real_bundle,bundle_diagnostic,hard,[],[],negative_lookalike_few_conflicts,73.0,5399.0,0.5
,ablation_payload:151,canonical:3119070910472,0,dev,bundle:neg:13,real_bundle,bundle_diagnostic,medium,[],[],negative_moderate_distinction,151.0,513.0,0.25
,ablation_payload:105,canonical:3292482220046,0,train,bundle:neg:14,real_bundle,bundle_diagnostic,medium,[],[4],negative_moderate_distinction,105.0,857.0,0.35294117647058826
,ablation_payload:90,canonical:3600520752778,0,train,bundle:neg:15,real_bundle,bundle_diagnostic,medium,[],[5],negative_moderate_distinction,90.0,1133.0,0.35294117647058826
,ablation_payload:128,canonical:3700749300023,0,train,bundle:neg:16,real_bundle,bundle_diagnostic,hard,[],[6],negative_lookalike_few_conflicts,128.0,1195.0,0.5
,ablation_payload:130,canonical:3700749300917,0,test,bundle:neg:17,real_bundle,bundle_diagnostic,medium,[],[],negative_moderate_distinction,130.0,1214.0,0.25
,ablation_payload:135,canonical:3760195900000,0,test,bundle:neg:18,real_bundle,bundle_diagnostic,hard,[],[],negative_lookalike_few_conflicts,135.0,1299.0,0.5384615384615384
,ablation_payload:116,canonical:4006643166635,0,dev,bundle:neg:19,real_bundle,bundle_diagnostic,medium,[],[],negative_moderate_distinction,116.0,1637.0,0.3181818181818182
,ablation_payload:86,canonical:4088600124070,0,dev,bundle:neg:20,real_bundle,bundle_diagnostic,medium,[],[],negative_moderate_distinction,86.0,2066.0,0.4
,ablation_payload:113,canonical:6419800051190,0,mixed,bundle:neg:21,real_bundle,bundle_diagnostic,medium,[],[],negative_moderate_distinction,113.0,5151.0,0.2857142857142857
,ablation_payload:1,canonical:6419800051190,0,dev,bundle:neg:22,real_bundle,bundle_diagnostic,medium,[],[],negative_moderate_distinction,1.0,5151.0,0.26666666666666666
,ablation_payload:113,canonical:6419800052883,0,test,bundle:neg:23,real_bundle,bundle_diagnostic,medium,[],[],negative_moderate_distinction,113.0,5164.0,0.2857142857142857
,ablation_payload:1,canonical:6419800052883,0,mixed,bundle:neg:24,real_bundle,bundle_diagnostic,medium,[],[],negative_moderate_distinction,1.0,5164.0,0.26666666666666666
,ablation_payload:138,canonical:7350116311174,0,test,bundle:neg:25,real_bundle,bundle_diagnostic,medium,[],[],negative_moderate_distinction,138.0,7693.0,0.29411764705882354
,ablation_payload:12,canonical:810158581197,0,dev,bundle:neg:26,real_bundle,bundle_diagnostic,medium,[],[],negative_moderate_distinction,12.0,9341.0,0.20833333333333334
,augmentation:13294,canonical:3248652710213,0,train,bundle:neg:27,hard_negative,mint_diagnostic,hard,"[{""anchor_payload_idx"": 0, ""anchor_text"": ""monoprix fruit still pulp grapefruit hurry pink volume_ml_1000 package_type_carton flavor_fruit flavor_grapefruit carbonation_still pulp_with_pulp"", ""coherent_prose"": true, ""configured_mask_hi"": null, ""configured_mask_lo"": null, ""copy_pair_payload_idx"": null, ""copy_payload_idx"": 13294, ""copy_source_payload_idx"": 633, ""donor_anchor_entity"": ""7340083456695"", ""donor_anchor_payload_idx"": 125, ""donor_pair_entity"": ""7340083456695"", ""donor_pair_payload_idx"": 125, ""donor_split"": ""train"", ""fields_after"": {""pulp"": [""pulp_no_pulp""]}, ""fields_before"": {""pulp"": [""pulp_with_pulp""]}, ""fields_hit"": [""pulp""], ""generation_variant"": ""minted"", ""gtin"": ""3248652710213"", ""mask_prob"": null, ""masked_text"": ""monoprix fruit still pulp grapefruit hurry pink volume_ml_1000 package_type_carton flavor_fruit flavor_grapefruit carbonation_still pulp_no_pulp"", ""pair_payload_idx"": 633, ""population"": ""hard_negative"", ""realized_extent"": 0.07692307692307693, ""target_mode"": ""counterfactual""}]",[],negative_lookalike_few_conflicts,13294.0,633.0,1.0
,augmentation:13295,canonical:3250392595319,0,train,bundle:neg:28,hard_negative,mint_diagnostic,hard,"[{""anchor_payload_idx"": 112, ""anchor_text"": ""paquito lemon lemonade still pulp lime sugar lemonade volume_ml_1000 package_type_bottle flavor_lemon flavor_lime carbonation_still pulp_with_pulp sweetener_type_cane_sugar package_material_plastic"", ""coherent_prose"": true, ""configured_mask_hi"": null, ""configured_mask_lo"": null, ""copy_pair_payload_idx"": null, ""copy_payload_idx"": 13295, ""copy_source_payload_idx"": 651, ""donor_anchor_entity"": ""75239001104"", ""donor_anchor_payload_idx"": 32, ""donor_pair_entity"": ""75239001104"", ""donor_pair_payload_idx"": 32, ""donor_split"": ""train"", ""fields_after"": {""pulp"": [""pulp_no_pulp""]}, ""fields_before"": {""pulp"": [""pulp_with_pulp""]}, ""fields_hit"": [""pulp""], ""generation_variant"": ""minted"", ""gtin"": ""3250392595319"", ""mask_prob"": null, ""masked_text"": ""paquito lemon lemonade still pulp lime sugar lemonade volume_ml_1000 package_type_bottle flavor_lemon flavor_lime carbonation_still pulp_no_pulp sweetener_type_cane_sugar package_material_plastic"", ""pair_payload_idx"": 651, ""population"": ""hard_negative"", ""realized_extent"": 0.0625, ""target_mode"": ""counterfactual""}]",[],negative_lookalike_few_conflicts,13295.0,651.0,1.0
,augmentation:13296,canonical:3450970138567,0,train,bundle:neg:29,hard_negative,mint_diagnostic,hard,"[{""anchor_payload_idx"": 76, ""anchor_text"": ""eco orange soda carbonated sugar pulp 1.5 soda volume_ml_1500 package_type_bottle flavor_orange carbonation_carbonated sweetener_diet_sugar pulp_with_pulp sweetener_type_sugar package_material_plastic"", ""coherent_prose"": true, ""configured_mask_hi"": null, ""configured_mask_lo"": null, ""copy_pair_payload_idx"": null, ""copy_payload_idx"": 13296, ""copy_source_payload_idx"": 980, ""donor_anchor_entity"": ""5705830607010"", ""donor_anchor_payload_idx"": 124, ""donor_pair_entity"": ""5705830607010"", ""donor_pair_payload_idx"": 124, ""donor_split"": ""train"", ""fields_after"": {""pulp"": [""pulp_no_pulp""]}, ""fields_before"": {""pulp"": [""pulp_with_pulp""]}, ""fields_hit"": [""pulp""], ""generation_variant"": ""minted"", ""gtin"": ""3450970138567"", ""mask_prob"": null, ""masked_text"": ""eco orange soda carbonated sugar pulp 1.5 soda volume_ml_1500 package_type_bottle flavor_orange carbonation_carbonated sweetener_diet_sugar pulp_no_pulp sweetener_type_sugar package_material_plastic"", ""pair_payload_idx"": 980, ""population"": ""hard_negative"", ""realized_extent"": 0.0625, ""target_mode"": ""counterfactual""}]",[],negative_lookalike_few_conflicts,13296.0,980.0,1.0
,augmentation:13297,canonical:5430004017226,0,train,bundle:neg:30,hard_negative,mint_diagnostic,hard,"[{""anchor_payload_idx"": 160, ""anchor_text"": ""vit hit berry soda still elderberry vithit vitaminedrink soft boost low sugar soda volume_ml_500 pack_qty_12 package_type_bottle flavor_berry flavor_elderberry carbonation_still sweetener_type_sucralose sweetener_type_sugar sweetening_low_sugar"", ""coherent_prose"": true, ""configured_mask_hi"": null, ""configured_mask_lo"": null, ""copy_pair_payload_idx"": null, ""copy_payload_idx"": 13297, ""copy_source_payload_idx"": 3683, ""donor_anchor_entity"": ""850061075130"", ""donor_anchor_payload_idx"": 66, ""donor_pair_entity"": ""850061075130"", ""donor_pair_payload_idx"": 66, ""donor_split"": ""train"", ""fields_after"": {""sweetening"": [""sweetening_sweetened""]}, ""fields_before"": {""sweetening"": [""sweetening_low_sugar""]}, ""fields_hit"": [""sweetening""], ""generation_variant"": ""minted"", ""gtin"": ""5430004017226"", ""mask_prob"": null, ""masked_text"": ""vit hit berry soda still elderberry vithit vitaminedrink soft boost sweetened soda volume_ml_500 pack_qty_12 package_type_bottle flavor_berry flavor_elderberry carbonation_still sweetener_type_sucralose sweetener_type_sugar sweetening_sweetened"", ""pair_payload_idx"": 3683, ""population"": ""hard_negative"", ""realized_extent"": 0.045454545454545456, ""target_mode"": ""counterfactual""}]",[],negative_lookalike_few_conflicts,13297.0,3683.0,0.7692307692307693
,augmentation:13298,canonical:3250392595319,0,train,bundle:neg:31,hard_negative,mint_diagnostic,hard,"[{""anchor_payload_idx"": 112, ""anchor_text"": ""paquito lemon lemonade still pulp lime sugar lemonade volume_ml_1000 package_type_bottle flavor_lemon flavor_lime carbonation_still pulp_with_pulp sweetener_type_cane_sugar package_material_plastic"", ""coherent_prose"": true, ""configured_mask_hi"": null, ""configured_mask_lo"": null, ""copy_pair_payload_idx"": null, ""copy_payload_idx"": 13298, ""copy_source_payload_idx"": 651, ""donor_anchor_entity"": ""75239001104"", ""donor_anchor_payload_idx"": 32, ""donor_pair_entity"": ""75239001104"", ""donor_pair_payload_idx"": 32, ""donor_split"": ""train"", ""fields_after"": {""pulp"": [""pulp_no_pulp""]}, ""fields_before"": {""pulp"": [""pulp_with_pulp""]}, ""fields_hit"": [""pulp""], ""generation_variant"": ""minted_masked"", ""gtin"": ""3250392595319"", ""mask_prob"": null, ""masked_text"": ""[MASK] lemon lemonade still pulp lime sugar lemonade volume_ml_1000 package_type_bottle flavor_lemon flavor_lime carbonation_still pulp_no_pulp sweetener_type_cane_sugar package_material_plastic"", ""pair_payload_idx"": 651, ""population"": ""hard_negative"", ""realized_extent"": 0.0625, ""target_mode"": ""counterfactual""}]",[],negative_lookalike_few_conflicts,13298.0,651.0,0.75
,ablation_payload:122,canonical:4779033974218,0,train,bundle:train_neg:0,real_bundle,bundle_diagnostic,medium,[],[0],negative_moderate_distinction,122.0,2695.0,0.35
,ablation_payload:120,canonical:3119070912155,0,dev,bundle:train_neg:1,real_bundle,bundle_diagnostic,medium,[],[],negative_moderate_distinction,120.0,514.0,0.25
,ablation_payload:55,canonical:3292482520016,0,train,bundle:train_neg:2,real_bundle,bundle_diagnostic,medium,[],[1],negative_moderate_distinction,55.0,865.0,0.375
,ablation_payload:182,canonical:7314720732046,0,train,bundle:train_neg:3,real_bundle,bundle_diagnostic,medium,[],[2],negative_moderate_distinction,182.0,7168.0,0.35294117647058826
,ablation_payload:127,canonical:3700749300115,0,train,bundle:train_neg:4,real_bundle,bundle_diagnostic,hard,[],[3],negative_lookalike_few_conflicts,127.0,1203.0,0.5
,ablation_payload:131,canonical:3700749304991,0,test,bundle:train_neg:5,real_bundle,bundle_diagnostic,medium,[],[],negative_moderate_distinction,131.0,1227.0,0.26666666666666666
,ablation_payload:129,canonical:3700749304984,0,dev,bundle:train_neg:6,real_bundle,bundle_diagnostic,medium,[],[],negative_moderate_distinction,129.0,1226.0,0.3333333333333333
,ablation_payload:102,canonical:3760195902318,0,test,bundle:train_neg:7,real_bundle,bundle_diagnostic,medium,[],[],negative_moderate_distinction,102.0,1305.0,0.375
,ablation_payload:53,canonical:4006643166734,0,dev,bundle:train_neg:8,real_bundle,bundle_diagnostic,medium,[],[],negative_moderate_distinction,53.0,1638.0,0.35
,ablation_payload:85,canonical:4088600270227,0,dev,bundle:train_neg:9,real_bundle,bundle_diagnostic,medium,[],[],negative_moderate_distinction,85.0,2075.0,0.3888888888888889
,ablation_payload:189,canonical:4260122391073,0,dev,bundle:train_neg:10,real_bundle,bundle_diagnostic,hard,[],[],negative_lookalike_few_conflicts,189.0,2388.0,0.5
,ablation_payload:74,canonical:5060333540012,0,test,bundle:train_neg:11,real_bundle,bundle_diagnostic,medium,[],[],negative_moderate_distinction,74.0,3127.0,0.23076923076923078
,ablation_payload:73,canonical:6430042708789,0,test,bundle:train_neg:12,real_bundle,bundle_diagnostic,hard,[],[],negative_lookalike_few_conflicts,73.0,5399.0,0.5
,ablation_payload:151,canonical:3119070910472,0,dev,bundle:train_neg:13,real_bundle,bundle_diagnostic,medium,[],[],negative_moderate_distinction,151.0,513.0,0.25
,ablation_payload:105,canonical:3292482220046,0,train,bundle:train_neg:14,real_bundle,bundle_diagnostic,medium,[],[4],negative_moderate_distinction,105.0,857.0,0.35294117647058826
,ablation_payload:90,canonical:3600520752778,0,train,bundle:train_neg:15,real_bundle,bundle_diagnostic,medium,[],[5],negative_moderate_distinction,90.0,1133.0,0.35294117647058826
,ablation_payload:128,canonical:3700749300023,0,train,bundle:train_neg:16,real_bundle,bundle_diagnostic,hard,[],[6],negative_lookalike_few_conflicts,128.0,1195.0,0.5
,ablation_payload:130,canonical:3700749300917,0,test,bundle:train_neg:17,real_bundle,bundle_diagnostic,medium,[],[],negative_moderate_distinction,130.0,1214.0,0.25
,ablation_payload:135,canonical:3760195900000,0,test,bundle:train_neg:18,real_bundle,bundle_diagnostic,hard,[],[],negative_lookalike_few_conflicts,135.0,1299.0,0.5384615384615384
,ablation_payload:116,canonical:4006643166635,0,dev,bundle:train_neg:19,real_bundle,bundle_diagnostic,medium,[],[],negative_moderate_distinction,116.0,1637.0,0.3181818181818182
,ablation_payload:86,canonical:4088600124070,0,dev,bundle:train_neg:20,real_bundle,bundle_diagnostic,medium,[],[],negative_moderate_distinction,86.0,2066.0,0.4
,ablation_payload:113,canonical:6419800051190,0,mixed,bundle:train_neg:21,real_bundle,bundle_diagnostic,medium,[],[],negative_moderate_distinction,113.0,5151.0,0.2857142857142857
,ablation_payload:1,canonical:6419800051190,0,dev,bundle:train_neg:22,real_bundle,bundle_diagnostic,medium,[],[],negative_moderate_distinction,1.0,5151.0,0.26666666666666666
,ablation_payload:113,canonical:6419800052883,0,test,bundle:train_neg:23,real_bundle,bundle_diagnostic,medium,[],[],negative_moderate_distinction,113.0,5164.0,0.2857142857142857
,ablation_payload:1,canonical:6419800052883,0,mixed,bundle:train_neg:24,real_bundle,bundle_diagnostic,medium,[],[],negative_moderate_distinction,1.0,5164.0,0.26666666666666666
,ablation_payload:138,canonical:7350116311174,0,test,bundle:train_neg:25,real_bundle,bundle_diagnostic,medium,[],[],negative_moderate_distinction,138.0,7693.0,0.29411764705882354
,ablation_payload:12,canonical:810158581197,0,dev,bundle:train_neg:26,real_bundle,bundle_diagnostic,medium,[],[],negative_moderate_distinction,12.0,9341.0,0.20833333333333334
,augmentation:13294,canonical:3248652710213,0,train,bundle:train_neg:27,hard_negative,mint_diagnostic,hard,"[{""anchor_payload_idx"": 0, ""anchor_text"": ""monoprix fruit still pulp grapefruit hurry pink volume_ml_1000 package_type_carton flavor_fruit flavor_grapefruit carbonation_still pulp_with_pulp"", ""coherent_prose"": true, ""configured_mask_hi"": null, ""configured_mask_lo"": null, ""copy_pair_payload_idx"": null, ""copy_payload_idx"": 13294, ""copy_source_payload_idx"": 633, ""donor_anchor_entity"": ""7340083456695"", ""donor_anchor_payload_idx"": 125, ""donor_pair_entity"": ""7340083456695"", ""donor_pair_payload_idx"": 125, ""donor_split"": ""train"", ""fields_after"": {""pulp"": [""pulp_no_pulp""]}, ""fields_before"": {""pulp"": [""pulp_with_pulp""]}, ""fields_hit"": [""pulp""], ""generation_variant"": ""minted"", ""gtin"": ""3248652710213"", ""mask_prob"": null, ""masked_text"": ""monoprix fruit still pulp grapefruit hurry pink volume_ml_1000 package_type_carton flavor_fruit flavor_grapefruit carbonation_still pulp_no_pulp"", ""pair_payload_idx"": 633, ""population"": ""hard_negative"", ""realized_extent"": 0.07692307692307693, ""target_mode"": ""counterfactual""}]",[],negative_lookalike_few_conflicts,13294.0,633.0,1.0
,augmentation:13295,canonical:3250392595319,0,train,bundle:train_neg:28,hard_negative,mint_diagnostic,hard,"[{""anchor_payload_idx"": 112, ""anchor_text"": ""paquito lemon lemonade still pulp lime sugar lemonade volume_ml_1000 package_type_bottle flavor_lemon flavor_lime carbonation_still pulp_with_pulp sweetener_type_cane_sugar package_material_plastic"", ""coherent_prose"": true, ""configured_mask_hi"": null, ""configured_mask_lo"": null, ""copy_pair_payload_idx"": null, ""copy_payload_idx"": 13295, ""copy_source_payload_idx"": 651, ""donor_anchor_entity"": ""75239001104"", ""donor_anchor_payload_idx"": 32, ""donor_pair_entity"": ""75239001104"", ""donor_pair_payload_idx"": 32, ""donor_split"": ""train"", ""fields_after"": {""pulp"": [""pulp_no_pulp""]}, ""fields_before"": {""pulp"": [""pulp_with_pulp""]}, ""fields_hit"": [""pulp""], ""generation_variant"": ""minted"", ""gtin"": ""3250392595319"", ""mask_prob"": null, ""masked_text"": ""paquito lemon lemonade still pulp lime sugar lemonade volume_ml_1000 package_type_bottle flavor_lemon flavor_lime carbonation_still pulp_no_pulp sweetener_type_cane_sugar package_material_plastic"", ""pair_payload_idx"": 651, ""population"": ""hard_negative"", ""realized_extent"": 0.0625, ""target_mode"": ""counterfactual""}]",[],negative_lookalike_few_conflicts,13295.0,651.0,1.0
,augmentation:13296,canonical:3450970138567,0,train,bundle:train_neg:29,hard_negative,mint_diagnostic,hard,"[{""anchor_payload_idx"": 76, ""anchor_text"": ""eco orange soda carbonated sugar pulp 1.5 soda volume_ml_1500 package_type_bottle flavor_orange carbonation_carbonated sweetener_diet_sugar pulp_with_pulp sweetener_type_sugar package_material_plastic"", ""coherent_prose"": true, ""configured_mask_hi"": null, ""configured_mask_lo"": null, ""copy_pair_payload_idx"": null, ""copy_payload_idx"": 13296, ""copy_source_payload_idx"": 980, ""donor_anchor_entity"": ""5705830607010"", ""donor_anchor_payload_idx"": 124, ""donor_pair_entity"": ""5705830607010"", ""donor_pair_payload_idx"": 124, ""donor_split"": ""train"", ""fields_after"": {""pulp"": [""pulp_no_pulp""]}, ""fields_before"": {""pulp"": [""pulp_with_pulp""]}, ""fields_hit"": [""pulp""], ""generation_variant"": ""minted"", ""gtin"": ""3450970138567"", ""mask_prob"": null, ""masked_text"": ""eco orange soda carbonated sugar pulp 1.5 soda volume_ml_1500 package_type_bottle flavor_orange carbonation_carbonated sweetener_diet_sugar pulp_no_pulp sweetener_type_sugar package_material_plastic"", ""pair_payload_idx"": 980, ""population"": ""hard_negative"", ""realized_extent"": 0.0625, ""target_mode"": ""counterfactual""}]",[],negative_lookalike_few_conflicts,13296.0,980.0,1.0
,augmentation:13297,canonical:5430004017226,0,train,bundle:train_neg:30,hard_negative,mint_diagnostic,hard,"[{""anchor_payload_idx"": 160, ""anchor_text"": ""vit hit berry soda still elderberry vithit vitaminedrink soft boost low sugar soda volume_ml_500 pack_qty_12 package_type_bottle flavor_berry flavor_elderberry carbonation_still sweetener_type_sucralose sweetener_type_sugar sweetening_low_sugar"", ""coherent_prose"": true, ""configured_mask_hi"": null, ""configured_mask_lo"": null, ""copy_pair_payload_idx"": null, ""copy_payload_idx"": 13297, ""copy_source_payload_idx"": 3683, ""donor_anchor_entity"": ""850061075130"", ""donor_anchor_payload_idx"": 66, ""donor_pair_entity"": ""850061075130"", ""donor_pair_payload_idx"": 66, ""donor_split"": ""train"", ""fields_after"": {""sweetening"": [""sweetening_sweetened""]}, ""fields_before"": {""sweetening"": [""sweetening_low_sugar""]}, ""fields_hit"": [""sweetening""], ""generation_variant"": ""minted"", ""gtin"": ""5430004017226"", ""mask_prob"": null, ""masked_text"": ""vit hit berry soda still elderberry vithit vitaminedrink soft boost sweetened soda volume_ml_500 pack_qty_12 package_type_bottle flavor_berry flavor_elderberry carbonation_still sweetener_type_sucralose sweetener_type_sugar sweetening_sweetened"", ""pair_payload_idx"": 3683, ""population"": ""hard_negative"", ""realized_extent"": 0.045454545454545456, ""target_mode"": ""counterfactual""}]",[],negative_lookalike_few_conflicts,13297.0,3683.0,0.7692307692307693
,augmentation:13298,canonical:3250392595319,0,train,bundle:train_neg:31,hard_negative,mint_diagnostic,hard,"[{""anchor_payload_idx"": 112, ""anchor_text"": ""paquito lemon lemonade still pulp lime sugar lemonade volume_ml_1000 package_type_bottle flavor_lemon flavor_lime carbonation_still pulp_with_pulp sweetener_type_cane_sugar package_material_plastic"", ""coherent_prose"": true, ""configured_mask_hi"": null, ""configured_mask_lo"": null, ""copy_pair_payload_idx"": null, ""copy_payload_idx"": 13298, ""copy_source_payload_idx"": 651, ""donor_anchor_entity"": ""75239001104"", ""donor_anchor_payload_idx"": 32, ""donor_pair_entity"": ""75239001104"", ""donor_pair_payload_idx"": 32, ""donor_split"": ""train"", ""fields_after"": {""pulp"": [""pulp_no_pulp""]}, ""fields_before"": {""pulp"": [""pulp_with_pulp""]}, ""fields_hit"": [""pulp""], ""generation_variant"": ""minted_masked"", ""gtin"": ""3250392595319"", ""mask_prob"": null, ""masked_text"": ""[MASK] lemon lemonade still pulp lime sugar lemonade volume_ml_1000 package_type_bottle flavor_lemon flavor_lime carbonation_still pulp_no_pulp sweetener_type_cane_sugar package_material_plastic"", ""pair_payload_idx"": 651, ""population"": ""hard_negative"", ""realized_extent"": 0.0625, ""target_mode"": ""counterfactual""}]",[],negative_lookalike_few_conflicts,13298.0,651.0,0.75
,ablation_payload:122,canonical:2020005054080,1,train,objective:0:1,base,training_diagnostic,medium,[],[0],positive_moderate_text_overlap,122.0,375.0,0.3684210526315789
,ablation_payload:122,canonical:4779033974218,0,train,objective:0:0,base,training_diagnostic,medium,[],[0],negative_moderate_distinction,122.0,2695.0,0.35
,ablation_payload:55,canonical:3292482220046,1,train,objective:1:1,base,training_diagnostic,medium,[],[1],positive_moderate_text_overlap,55.0,857.0,0.4666666666666667
,ablation_payload:55,canonical:3292482520016,0,train,objective:1:0,base,training_diagnostic,medium,[],[1],negative_moderate_distinction,55.0,865.0,0.375
,ablation_payload:182,canonical:3600520752778,1,train,objective:2:1,base,training_diagnostic,medium,[],[2],positive_moderate_text_overlap,182.0,1133.0,0.4375
,ablation_payload:182,canonical:7314720732046,0,train,objective:2:0,base,training_diagnostic,medium,[],[2],negative_moderate_distinction,182.0,7168.0,0.35294117647058826
,ablation_payload:127,canonical:3700749300023,1,train,objective:3:1,base,training_diagnostic,easy,[],[3],positive_high_text_overlap,127.0,1195.0,0.5
,ablation_payload:127,canonical:3700749300115,0,train,objective:3:0,base,training_diagnostic,hard,[],[3],negative_lookalike_few_conflicts,127.0,1203.0,0.5
,ablation_payload:105,canonical:3292482520016,1,train,objective:4:1,base,training_diagnostic,medium,[],[4],positive_moderate_text_overlap,105.0,865.0,0.4375
,ablation_payload:105,canonical:3292482220046,0,train,objective:4:0,base,training_diagnostic,medium,[],[4],negative_moderate_distinction,105.0,857.0,0.35294117647058826
,ablation_payload:90,canonical:7314720732046,1,train,objective:5:1,base,training_diagnostic,medium,[],[5],positive_moderate_text_overlap,90.0,7168.0,0.4375
,ablation_payload:90,canonical:3600520752778,0,train,objective:5:0,base,training_diagnostic,medium,[],[5],negative_moderate_distinction,90.0,1133.0,0.35294117647058826
,ablation_payload:128,canonical:3700749300115,1,train,objective:6:1,base,training_diagnostic,easy,[],[6],positive_high_text_overlap,128.0,1203.0,0.5
,ablation_payload:128,canonical:3700749300023,0,train,objective:6:0,base,training_diagnostic,hard,[],[6],negative_lookalike_few_conflicts,128.0,1195.0,0.5
,augmentation:13313,canonical:3292482220046,1,train,objective:7:1,masked,training_diagnostic,easy,"[{""anchor_payload_idx"": 55, ""anchor_text"": ""la mortuacienne la mortuacienne joy grapefruit soft drink 1l flavoured pct0to2 sweetener sugar carbonated grapefruit vitamin antioxidants volume_ml_1000 package_type_bottle flavor_grapefruit carbonation_carbonated sweetener_diet_sugar sweetener_type_sugar package_material_metal juice_content_0-2%"", ""coherent_prose"": false, ""configured_mask_hi"": null, ""configured_mask_lo"": null, ""copy_pair_payload_idx"": null, ""copy_payload_idx"": 13313, ""copy_source_payload_idx"": null, ""donor_anchor_entity"": null, ""donor_anchor_payload_idx"": null, ""donor_pair_entity"": null, ""donor_pair_payload_idx"": null, ""donor_split"": null, ""fields_after"": {}, ""fields_before"": {}, ""fields_hit"": [], ""generation_variant"": ""masked"", ""gtin"": ""3292482220046"", ""mask_prob"": null, ""masked_text"": ""[MASK] [MASK] la mortuacienne joy grapefruit soft [MASK] 1l [MASK] pct0to2 sweetener sugar carbonated grapefruit vitamin antioxidants volume_ml_1000 package_type_bottle flavor_grapefruit carbonation_carbonated sweetener_diet_sugar sweetener_type_sugar package_material_metal juice_content_0-2%"", ""pair_payload_idx"": 857, ""population"": ""positive"", ""realized_extent"": 0.16, ""target_mode"": ""targeted""}]",[7],positive_high_text_overlap,13313.0,857.0,0.5
,augmentation:13313,canonical:3292482520016,0,train,objective:7:0,masked,training_diagnostic,medium,"[{""anchor_payload_idx"": 55, ""anchor_text"": ""la mortuacienne la mortuacienne joy grapefruit soft drink 1l flavoured pct0to2 sweetener sugar carbonated grapefruit vitamin antioxidants volume_ml_1000 package_type_bottle flavor_grapefruit carbonation_carbonated sweetener_diet_sugar sweetener_type_sugar package_material_metal juice_content_0-2%"", ""coherent_prose"": false, ""configured_mask_hi"": null, ""configured_mask_lo"": null, ""copy_pair_payload_idx"": null, ""copy_payload_idx"": 13313, ""copy_source_payload_idx"": null, ""donor_anchor_entity"": null, ""donor_anchor_payload_idx"": null, ""donor_pair_entity"": null, ""donor_pair_payload_idx"": null, ""donor_split"": null, ""fields_after"": {}, ""fields_before"": {}, ""fields_hit"": [], ""generation_variant"": ""masked"", ""gtin"": ""3292482220046"", ""mask_prob"": null, ""masked_text"": ""[MASK] [MASK] la mortuacienne joy grapefruit soft [MASK] 1l [MASK] pct0to2 sweetener sugar carbonated grapefruit vitamin antioxidants volume_ml_1000 package_type_bottle flavor_grapefruit carbonation_carbonated sweetener_diet_sugar sweetener_type_sugar package_material_metal juice_content_0-2%"", ""pair_payload_idx"": 857, ""population"": ""positive"", ""realized_extent"": 0.16, ""target_mode"": ""targeted""}]",[7],negative_moderate_distinction,13313.0,865.0,0.4
,canonical:3248652710213,ablation_payload:0,1,train,objective:8:1,twin,training_diagnostic,easy,[],[8],positive_high_text_overlap,633.0,0.0,0.5
,canonical:3248652710213,augmentation:13294,0,train,objective:8:0,twin,training_diagnostic,hard,"[{""anchor_payload_idx"": 0, ""anchor_text"": ""monoprix fruit still pulp grapefruit hurry pink volume_ml_1000 package_type_carton flavor_fruit flavor_grapefruit carbonation_still pulp_with_pulp"", ""coherent_prose"": true, ""configured_mask_hi"": null, ""configured_mask_lo"": null, ""copy_pair_payload_idx"": null, ""copy_payload_idx"": 13294, ""copy_source_payload_idx"": 633, ""donor_anchor_entity"": ""7340083456695"", ""donor_anchor_payload_idx"": 125, ""donor_pair_entity"": ""7340083456695"", ""donor_pair_payload_idx"": 125, ""donor_split"": ""train"", ""fields_after"": {""pulp"": [""pulp_no_pulp""]}, ""fields_before"": {""pulp"": [""pulp_with_pulp""]}, ""fields_hit"": [""pulp""], ""generation_variant"": ""minted"", ""gtin"": ""3248652710213"", ""mask_prob"": null, ""masked_text"": ""monoprix fruit still pulp grapefruit hurry pink volume_ml_1000 package_type_carton flavor_fruit flavor_grapefruit carbonation_still pulp_no_pulp"", ""pair_payload_idx"": 633, ""population"": ""hard_negative"", ""realized_extent"": 0.07692307692307693, ""target_mode"": ""counterfactual""}]",[8],negative_lookalike_few_conflicts,633.0,13294.0,1.0
,canonical:3250392595319,ablation_payload:112,1,train,objective:9:1,twin,training_diagnostic,easy,[],[9],positive_high_text_overlap,651.0,112.0,0.5833333333333334
,canonical:3250392595319,augmentation:13295,0,train,objective:9:0,twin,training_diagnostic,hard,"[{""anchor_payload_idx"": 112, ""anchor_text"": ""paquito lemon lemonade still pulp lime sugar lemonade volume_ml_1000 package_type_bottle flavor_lemon flavor_lime carbonation_still pulp_with_pulp sweetener_type_cane_sugar package_material_plastic"", ""coherent_prose"": true, ""configured_mask_hi"": null, ""configured_mask_lo"": null, ""copy_pair_payload_idx"": null, ""copy_payload_idx"": 13295, ""copy_source_payload_idx"": 651, ""donor_anchor_entity"": ""75239001104"", ""donor_anchor_payload_idx"": 32, ""donor_pair_entity"": ""75239001104"", ""donor_pair_payload_idx"": 32, ""donor_split"": ""train"", ""fields_after"": {""pulp"": [""pulp_no_pulp""]}, ""fields_before"": {""pulp"": [""pulp_with_pulp""]}, ""fields_hit"": [""pulp""], ""generation_variant"": ""minted"", ""gtin"": ""3250392595319"", ""mask_prob"": null, ""masked_text"": ""paquito lemon lemonade still pulp lime sugar lemonade volume_ml_1000 package_type_bottle flavor_lemon flavor_lime carbonation_still pulp_no_pulp sweetener_type_cane_sugar package_material_plastic"", ""pair_payload_idx"": 651, ""population"": ""hard_negative"", ""realized_extent"": 0.0625, ""target_mode"": ""counterfactual""}]",[9],negative_lookalike_few_conflicts,651.0,13295.0,1.0
,canonical:3450970138567,ablation_payload:76,1,train,objective:10:1,twin,training_diagnostic,easy,[],[10],positive_high_text_overlap,980.0,76.0,0.6363636363636364
,canonical:3450970138567,augmentation:13296,0,train,objective:10:0,twin,training_diagnostic,hard,"[{""anchor_payload_idx"": 76, ""anchor_text"": ""eco orange soda carbonated sugar pulp 1.5 soda volume_ml_1500 package_type_bottle flavor_orange carbonation_carbonated sweetener_diet_sugar pulp_with_pulp sweetener_type_sugar package_material_plastic"", ""coherent_prose"": true, ""configured_mask_hi"": null, ""configured_mask_lo"": null, ""copy_pair_payload_idx"": null, ""copy_payload_idx"": 13296, ""copy_source_payload_idx"": 980, ""donor_anchor_entity"": ""5705830607010"", ""donor_anchor_payload_idx"": 124, ""donor_pair_entity"": ""5705830607010"", ""donor_pair_payload_idx"": 124, ""donor_split"": ""train"", ""fields_after"": {""pulp"": [""pulp_no_pulp""]}, ""fields_before"": {""pulp"": [""pulp_with_pulp""]}, ""fields_hit"": [""pulp""], ""generation_variant"": ""minted"", ""gtin"": ""3450970138567"", ""mask_prob"": null, ""masked_text"": ""eco orange soda carbonated sugar pulp 1.5 soda volume_ml_1500 package_type_bottle flavor_orange carbonation_carbonated sweetener_diet_sugar pulp_no_pulp sweetener_type_sugar package_material_plastic"", ""pair_payload_idx"": 980, ""population"": ""hard_negative"", ""realized_extent"": 0.0625, ""target_mode"": ""counterfactual""}]",[10],negative_lookalike_few_conflicts,980.0,13296.0,1.0
,canonical:5430004017226,ablation_payload:160,1,train,objective:11:1,twin,training_diagnostic,medium,[],[11],positive_moderate_text_overlap,3683.0,160.0,0.3333333333333333
,canonical:5430004017226,augmentation:13297,0,train,objective:11:0,twin,training_diagnostic,hard,"[{""anchor_payload_idx"": 160, ""anchor_text"": ""vit hit berry soda still elderberry vithit vitaminedrink soft boost low sugar soda volume_ml_500 pack_qty_12 package_type_bottle flavor_berry flavor_elderberry carbonation_still sweetener_type_sucralose sweetener_type_sugar sweetening_low_sugar"", ""coherent_prose"": true, ""configured_mask_hi"": null, ""configured_mask_lo"": null, ""copy_pair_payload_idx"": null, ""copy_payload_idx"": 13297, ""copy_source_payload_idx"": 3683, ""donor_anchor_entity"": ""850061075130"", ""donor_anchor_payload_idx"": 66, ""donor_pair_entity"": ""850061075130"", ""donor_pair_payload_idx"": 66, ""donor_split"": ""train"", ""fields_after"": {""sweetening"": [""sweetening_sweetened""]}, ""fields_before"": {""sweetening"": [""sweetening_low_sugar""]}, ""fields_hit"": [""sweetening""], ""generation_variant"": ""minted"", ""gtin"": ""5430004017226"", ""mask_prob"": null, ""masked_text"": ""vit hit berry soda still elderberry vithit vitaminedrink soft boost sweetened soda volume_ml_500 pack_qty_12 package_type_bottle flavor_berry flavor_elderberry carbonation_still sweetener_type_sucralose sweetener_type_sugar sweetening_sweetened"", ""pair_payload_idx"": 3683, ""population"": ""hard_negative"", ""realized_extent"": 0.045454545454545456, ""target_mode"": ""counterfactual""}]",[11],negative_lookalike_few_conflicts,3683.0,13297.0,0.7692307692307693
,canonical:3250392595319,ablation_payload:112,1,train,objective:12:1,twin,training_diagnostic,easy,[],[12],positive_high_text_overlap,651.0,112.0,0.5833333333333334
,canonical:3250392595319,augmentation:13298,0,train,objective:12:0,twin,training_diagnostic,hard,"[{""anchor_payload_idx"": 112, ""anchor_text"": ""paquito lemon lemonade still pulp lime sugar lemonade volume_ml_1000 package_type_bottle flavor_lemon flavor_lime carbonation_still pulp_with_pulp sweetener_type_cane_sugar package_material_plastic"", ""coherent_prose"": true, ""configured_mask_hi"": null, ""configured_mask_lo"": null, ""copy_pair_payload_idx"": null, ""copy_payload_idx"": 13298, ""copy_source_payload_idx"": 651, ""donor_anchor_entity"": ""75239001104"", ""donor_anchor_payload_idx"": 32, ""donor_pair_entity"": ""75239001104"", ""donor_pair_payload_idx"": 32, ""donor_split"": ""train"", ""fields_after"": {""pulp"": [""pulp_no_pulp""]}, ""fields_before"": {""pulp"": [""pulp_with_pulp""]}, ""fields_hit"": [""pulp""], ""generation_variant"": ""minted_masked"", ""gtin"": ""3250392595319"", ""mask_prob"": null, ""masked_text"": ""[MASK] lemon lemonade still pulp lime sugar lemonade volume_ml_1000 package_type_bottle flavor_lemon flavor_lime carbonation_still pulp_no_pulp sweetener_type_cane_sugar package_material_plastic"", ""pair_payload_idx"": 651, ""population"": ""hard_negative"", ""realized_extent"": 0.0625, ""target_mode"": ""counterfactual""}]",[12],negative_lookalike_few_conflicts,651.0,13298.0,0.75
