sku_id1,sku_id2,label,split,population
16627,167310,0,dev,real
167310,190715,0,dev,real
190715,201694,0,dev,real
201694,261773,0,dev,real
261773,311411,0,dev,real
311411,371839,0,dev,real
371839,39336,0,dev,real
39336,423104,0,dev,real
423104,448669,0,dev,real
448669,449508,0,dev,real
449508,451484,0,dev,real
451484,487521,0,dev,real
487521,604362,0,dev,real
604362,619513,0,dev,real
619513,628537,0,dev,real
628537,69409,0,dev,real
69409,718577,0,dev,real
718577,794634,0,dev,real
794634,830559,0,dev,real
