phase,calls,wall_seconds
__main__.run_prepare,1,13.369
ablation.prepare,1,12.549
ablation.prepare.persist,1,8.728
ablation_inputs.prepare_inputs,1,8.5
ablation_inputs.tokens,1,8.482
__main__.run_encode,1,5.023
ablation.encode,1,4.99
ablation.encode.text_vectors,1,4.968
ablation.prepare.cohort,1,2.463
ablation.prepare.baseline_variants,1,1.132
ablation.prepare.candidates,1,0.214
__main__.run_report,1,0.148
ablation.report,1,0.13
ablation.report.comparison,1,0.021
ablation.encode.persist,1,0.01
ablation.prepare.sources,1,0.009
ablation_inputs.slice_groups,1,0.009
ablation.report.validate,1,0.008
ablation._compute_variant_rows,1,0.008
ablation_inputs.publish,1,0.004
ablation.encode.jobs,1,0.003
ablation_inputs.variant_jobs,1,0.001
ablation.encode.candidates,1,0.001
ablation_inputs.graph_topology,1,0.0
ablation_inputs.candidate_batches,1,0.0
ablation.encode.graph_encoder,1,0.0
