file,line,function,calls,tottime_seconds,cumtime_seconds
/home/opc/ONE/ER/src/core/text.py,29,<genexpr>,1598409,0.440282,0.620876
/home/opc/ONE/ER/.venv/lib/python3.14/site-packages/transformers/utils/import_utils.py,2916,fetch__all__,3125,0.397922,0.760841
~,0,<built-in method marshal.loads>,2578,0.392392,0.392392
~,0,<method 'join' of 'str' objects>,214133,0.387565,1.414077
<frozen importlib._bootstrap_external>,509,_compile_bytecode,2578,0.347715,0.742765
~,0,<built-in method builtins.exec>,3560,0.347401,7.96684
~,0,<method 'startswith' of 'str' objects>,1876227,0.249848,0.249848
~,0,<method 'sub' of 're.Pattern' objects>,95341,0.239418,0.240438
~,0,<built-in method builtins.max>,20000,0.22195,0.22739
~,0,<method 'search' of 're.Pattern' objects>,54647,0.221652,0.221652
/home/opc/.local/share/uv/python/cpython-3.14.6-linux-aarch64-gnu/lib/python3.14/pathlib/__init__.py,341,drive,68874,0.217514,0.433048
~,0,<built-in method builtins.isinstance>,1154511,0.213058,0.258704
~,0,<built-in method posix.stat>,37017,0.181554,0.581252
~,0,<built-in method unicodedata.combining>,1566980,0.180594,0.180594
~,0,<method 'splitlines' of 'str' objects>,13379,0.174905,0.174905
/home/opc/ONE/ER/.venv/lib/python3.14/site-packages/transformers/utils/import_utils.py,2958,create_import_structure_from_path,1046,0.162422,1.09528
/home/opc/.local/share/uv/python/cpython-3.14.6-linux-aarch64-gnu/lib/python3.14/re/__init__.py,330,_compile,187299,0.131875,0.5641
~,0,<built-in method builtins.__build_class__>,6387,0.108183,0.603743
~,0,<built-in method builtins.len>,686770,0.095227,0.100984
/home/opc/.local/share/uv/python/cpython-3.14.6-linux-aarch64-gnu/lib/python3.14/json/encoder.py,339,_iterencode_dict,285381,0.088198,0.123375
~,0,<method 'split' of 'str' objects>,136484,0.08494,0.08494
/home/opc/.local/share/uv/python/cpython-3.14.6-linux-aarch64-gnu/lib/python3.14/pathlib/__init__.py,135,__init__,69410,0.084929,0.131898
/home/opc/.local/share/uv/python/cpython-3.14.6-linux-aarch64-gnu/lib/python3.14/re/_parser.py,512,_parse,4633,0.081902,0.208801
~,0,<built-in method builtins.getattr>,267859,0.080948,0.122625
~,0,<method 'append' of 'list' objects>,488047,0.078975,0.078975
~,0,<built-in method _imp.create_dynamic>,135,0.077543,0.077795
/home/opc/.local/share/uv/python/cpython-3.14.6-linux-aarch64-gnu/lib/python3.14/json/encoder.py,207,iterencode,38,0.069185,0.069251
/home/opc/.local/share/uv/python/cpython-3.14.6-linux-aarch64-gnu/lib/python3.14/textwrap.py,416,dedent,6542,0.064301,0.113348
/home/opc/.local/share/uv/python/cpython-3.14.6-linux-aarch64-gnu/lib/python3.14/pathlib/__init__.py,281,_parse_path,46437,0.061771,0.11169
~,0,<built-in method _io.open>,4414,0.060365,0.082507
/home/opc/.local/share/uv/python/cpython-3.14.6-linux-aarch64-gnu/lib/python3.14/re/__init__.py,183,sub,86478,0.057875,0.34951
/home/opc/ONE/ER/src/core/text.py,54,normalized_attribute_text,30423,0.057847,1.311642
~,0,<method 'get' of 'dict' objects>,264278,0.05657,0.057325
~,0,<built-in method __new__ of type object at 0xaaaae6bcca38>,115738,0.053957,0.081211
/home/opc/ONE/ER/src/core/text.py,424,read,3422,0.05358,0.162058
/home/opc/.local/share/uv/python/cpython-3.14.6-linux-aarch64-gnu/lib/python3.14/inspect.py,790,cleandoc,749,0.053245,0.097657
/home/opc/.local/share/uv/python/cpython-3.14.6-linux-aarch64-gnu/lib/python3.14/pathlib/__init__.py,251,__str__,24815,0.051893,0.407107
~,0,<built-in method _hashlib.openssl_sha256>,44,0.049234,0.049234
~,0,<method 'strip' of 'str' objects>,280974,0.0488,0.0488
/home/opc/.local/share/uv/python/cpython-3.14.6-linux-aarch64-gnu/lib/python3.14/email/feedparser.py,218,_parsegen,933,0.048054,0.256089
~,0,<built-in method builtins.hasattr>,92017,0.047301,3.512171
~,0,<built-in method _io.open_code>,2578,0.046575,0.046575
/home/opc/.local/share/uv/python/cpython-3.14.6-linux-aarch64-gnu/lib/python3.14/re/_compiler.py,39,_compile,6733,0.046271,0.103388
/home/opc/.local/share/uv/python/cpython-3.14.6-linux-aarch64-gnu/lib/python3.14/email/feedparser.py,79,readline,90750,0.046129,0.05818
<frozen posixpath>,72,join,26706,0.04608,0.077714
/home/opc/.local/share/uv/python/cpython-3.14.6-linux-aarch64-gnu/lib/python3.14/json/decoder.py,351,raw_decode,22,0.04601,0.04601
~,0,<built-in method posix.lstat>,23902,0.045396,0.045396
/home/opc/ONE/ER/.venv/lib/python3.14/site-packages/scipy/_lib/_docscrape.py,67,read_to_condition,13783,0.045165,0.126043
/home/opc/ONE/ER/.venv/lib/python3.14/site-packages/scipy/_lib/_docscrape.py,168,_is_at_section,10554,0.043075,0.09316
/home/opc/.local/share/uv/python/cpython-3.14.6-linux-aarch64-gnu/lib/python3.14/dataclasses.py,986,_process_class,778,0.041984,0.564755
/home/opc/.local/share/uv/python/cpython-3.14.6-linux-aarch64-gnu/lib/python3.14/pathlib/__init__.py,157,with_segments,46840,0.0417,0.156264
/home/opc/ONE/ER/.venv/lib/python3.14/site-packages/pandas/core/arrays/string_arrow.py,195,_from_sequence,1002,0.039993,0.067473
~,0,<built-in method _imp.exec_dynamic>,135,0.039317,0.190233
/home/opc/ONE/ER/src/core/attribute_decision.py,749,reparse,740,0.039193,2.361508
/home/opc/.local/share/uv/python/cpython-3.14.6-linux-aarch64-gnu/lib/python3.14/importlib/metadata/__init__.py,529,skip_missing_files,83,0.038902,0.944062
/home/opc/ONE/ER/src/core/text.py,26,unicode_casefold,31429,0.037877,0.956034
/home/opc/ONE/ER/.venv/lib/python3.14/site-packages/transformers/utils/import_utils.py,3203,propagate_frozenset,13152,0.037689,0.059899
/home/opc/ONE/ER/src/core/url_evidence.py,329,url_text,1716,0.037549,0.370991
/home/opc/.local/share/uv/python/cpython-3.14.6-linux-aarch64-gnu/lib/python3.14/importlib/metadata/__init__.py,514,make_file,22319,0.036004,0.105816
/home/opc/ONE/ER/.venv/lib/python3.14/site-packages/pandas/core/construction.py,531,sanitize_array,2503,0.035828,0.184612
