token,class,n_occurrences,verdict,rule
15,pure_int,20923,strip,strip
25,pure_int,18552,strip,strip
50,pure_int,5371,strip,strip
473,pure_int,1868,strip,strip
10,pure_int,1788,keep_brand,keep_brand
150,pure_int,988,strip,strip
700,pure_int,679,strip,strip
946,pure_int,669,strip,strip
325,pure_int,434,strip,strip
591,pure_int,389,strip,strip
237,pure_int,376,strip,strip
30,pure_int,374,strip,strip
75,pure_int,370,strip,strip
20,pure_int,368,strip,strip
1893,pure_int,303,keep_brand,keep_brand
450,pure_int,288,strip,strip
230,pure_int,263,strip,strip
400,pure_int,248,strip,strip
275,pure_int,245,strip,strip
850,pure_int,210,strip,strip
296,pure_int,209,strip,strip
60,pure_int,201,strip,strip
1250,pure_int,199,strip,strip
48,pure_int,188,strip,strip
1.5,decimal,184,strip,strip
414,pure_int,174,strip,strip
340,pure_int,173,strip,strip
800,pure_int,173,strip,strip
1750,pure_int,158,strip,strip
6x1.,multiplier,143,strip,strip
14,pure_int,142,strip,strip
16.9,decimal,139,strip,strip
18,pure_int,138,strip,strip
900,pure_int,138,strip,strip
99,pure_int,136,strip,strip
222,pure_int,128,strip,strip
532,pure_int,124,strip,strip
1360,pure_int,122,strip,strip
84,pure_int,118,strip,strip
227,pure_int,110,strip,strip
6x1l,multiplier,107,strip,strip
40,pure_int,101,strip,strip
1745,pure_int,99,strip,strip
90,pure_int,99,strip,strip
650,pure_int,98,strip,strip
125,pure_int,97,strip,strip
370,pure_int,96,strip,strip
11,pure_int,95,strip,strip
1499,pure_int,95,strip,strip
2.5,decimal,94,strip,strip
4pk,num_unit,94,strip,strip
72,pure_int,93,strip,strip
0.5,decimal,92,strip,strip
80,pure_int,90,strip,strip
28,pure_int,87,keep_brand,keep_brand
o2,word_embedded,87,keep_brand,keep_brand
1538,pure_int,85,strip,strip
444,pure_int,85,strip,strip
120,pure_int,82,strip,strip
9.5,decimal,80,strip,strip
350,pure_int,79,strip,strip
240,pure_int,78,strip,strip
33.8,decimal,78,strip,strip
b12,word_embedded,76,keep_nutrient,keep_nutrient
59,pure_int,75,strip,strip
6x0.,multiplier,75,strip,strip
310,pure_int,73,keep_brand,keep_brand
alkaline88,word_embedded,72,keep_brand,keep_brand
180,pure_int,71,keep_brand,keep_brand
3d,word_embedded,68,keep_brand,keep_brand
12x0.,multiplier,67,strip,strip
35,pure_int,67,strip,strip
680,pure_int,67,strip,strip
b6,word_embedded,67,keep_nutrient,keep_nutrient
15.2,decimal,66,strip,strip
12x500ml,multiplier,65,strip,strip
12pk,num_unit,64,strip,strip
226ers,word_embedded,62,keep_brand,keep_brand
6pk,num_unit,62,strip,strip
17,pure_int,61,strip,strip
96,pure_int,61,strip,strip
1420,pure_int,60,strip,strip
118,pure_int,58,strip,strip
1200,pure_int,58,strip,strip
235,pure_int,58,strip,strip
65,pure_int,58,keep_brand,keep_brand
0.33,decimal,55,strip,strip
1100,pure_int,55,strip,strip
6x200,multiplier,55,strip,strip
bolt24,word_embedded,55,strip,strip
200mg,num_unit,51,strip,strip
4bro,word_embedded,51,keep_brand,keep_brand
6x50cl,multiplier,50,strip,strip
503,pure_int,49,strip,strip
454,pure_int,48,strip,strip
12x1l,multiplier,47,strip,strip
11.5,decimal,46,strip,strip
1kg,num_unit,46,strip,strip
2.2,decimal,46,strip,strip
4x330ml,multiplier,43,strip,strip
710,pure_int,43,strip,strip
0g,num_unit,41,strip,strip
1890,pure_int,41,strip,strip
420,pure_int,40,strip,strip
57,pure_int,40,strip,strip
6x330ml,multiplier,40,strip,strip
0.25,decimal,39,strip,strip
600g,num_unit,39,strip,strip
320,pure_int,38,strip,strip
36,pure_int,37,strip,strip
8pk,num_unit,36,strip,strip
950,pure_int,36,strip,strip
1.1,decimal,35,strip,strip
13.7,decimal,35,strip,strip
150g,num_unit,35,strip,strip
h2o,word_embedded,35,keep_brand,keep_brand
113,pure_int,34,strip,strip
283,pure_int,34,strip,strip
24x330ml,multiplier,33,strip,strip
2500,pure_int,33,strip,strip
751,pure_int,32,strip,strip
828,pure_int,32,strip,strip
9g,num_unit,32,strip,strip
170,pure_int,31,strip,strip
1kcal,num_unit,31,strip,strip
500g,num_unit,31,strip,strip
518,pure_int,31,strip,strip
52,pure_int,31,strip,strip
7.5,decimal,31,strip,strip
fruit2o,word_embedded,31,keep_brand,keep_brand
110,pure_int,30,strip,strip
12x250ml,multiplier,30,strip,strip
13,pure_int,30,strip,strip
70,pure_int,30,strip,strip
998,pure_int,30,strip,strip
protein2o,word_embedded,30,keep_brand,keep_brand
22,pure_int,29,strip,strip
281,pure_int,29,strip,strip
2.0,decimal,28,strip,strip
567,pure_int,28,strip,strip
1.7,decimal,27,strip,strip
1.8,decimal,27,strip,strip
1350,pure_int,27,strip,strip
2019,pure_int,27,strip,strip
376,pure_int,27,strip,strip
6x50,multiplier,27,strip,strip
0.75,decimal,26,strip,strip
120g,num_unit,26,strip,strip
12x33cl,multiplier,26,strip,strip
6x200ml,multiplier,26,strip,strip
8.0,decimal,26,strip,strip
12x355.,multiplier,25,strip,strip
1g,num_unit,25,strip,strip
23,pure_int,25,strip,strip
160,pure_int,24,strip,strip
177,pure_int,24,strip,strip
360,pure_int,24,strip,strip
580,pure_int,24,strip,strip
4x500ml,multiplier,23,strip,strip
b3,word_embedded,23,keep_nutrient,keep_nutrient
27,pure_int,22,strip,strip
300gr,num_unit,22,strip,strip
490,pure_int,22,strip,strip
6x20,multiplier,22,strip,strip
8.8,decimal,22,strip,strip
mp3,word_embedded,22,keep_brand,keep_brand
0.7,decimal,21,strip,strip
210,pure_int,21,strip,strip
2200,pure_int,21,keep_brand,keep_brand
238,pure_int,21,strip,strip
248,pure_int,21,strip,strip
331,pure_int,21,strip,strip
1642,pure_int,20,keep_brand,keep_brand
190,pure_int,20,strip,strip
251,pure_int,20,strip,strip
8.5,decimal,20,strip,strip
21,pure_int,19,strip,strip
38,pure_int,19,strip,strip
3x200ml,multiplier,19,strip,strip
479,pure_int,19,strip,strip
510,pure_int,19,strip,strip
co2,word_embedded,19,keep_nutrient,keep_nutrient
2043,pure_int,18,strip,strip
20g,num_unit,18,strip,strip
24x250ml,multiplier,18,strip,strip
33,pure_int,18,strip,strip
4x250ml,multiplier,18,strip,strip
92,pure_int,18,strip,strip
1600,pure_int,17,strip,strip
270,pure_int,17,strip,strip
45,pure_int,17,strip,strip
b5,word_embedded,17,keep_nutrient,keep_nutrient
high5,word_embedded,17,keep_brand,keep_brand
10g,num_unit,16,strip,strip
1724,pure_int,16,keep_brand,keep_brand
200g,num_unit,16,strip,strip
24pk,num_unit,16,strip,strip
24x500ml,multiplier,16,strip,strip
295,pure_int,16,strip,strip
42,pure_int,16,strip,strip
440,pure_int,16,strip,strip
6x500ml,multiplier,16,strip,strip
redcon1,word_embedded,16,keep_brand,keep_brand
12ct,num_unit,15,strip,strip
16.9fz,num_unit,15,strip,strip
25.4,decimal,15,strip,strip
333,pure_int,15,strip,strip
46,pure_int,15,strip,strip
6x250ml,multiplier,15,strip,strip
careh2o,word_embedded,15,strip,strip
ph9,word_embedded,15,keep_nutrient,keep_nutrient
100g,num_unit,14,strip,strip
17.5,decimal,14,strip,strip
290,pure_int,14,strip,strip
365,pure_int,14,strip,strip
480,pure_int,14,strip,strip
66,pure_int,14,strip,strip
75g,num_unit,14,strip,strip
85,pure_int,14,strip,strip
no.1,product_number,14,strip,strip
x180ml,multiplier,14,strip,strip
10.5,decimal,13,strip,strip
12x1.,multiplier,13,strip,strip
12x355ml,multiplier,13,strip,strip
15x200,multiplier,13,strip,strip
225,pure_int,13,strip,strip
300mg,num_unit,13,strip,strip
31,pure_int,13,strip,strip
330cc,num_unit,13,strip,strip
6x150ml,multiplier,13,strip,strip
0.33lx6,multiplier,12,strip,strip
0.40,decimal,12,strip,strip
06,pure_int,12,strip,strip
1.25,decimal,12,strip,strip
1000mg,num_unit,12,strip,strip
100mg,num_unit,12,strip,strip
312,pure_int,12,strip,strip
380,pure_int,12,strip,strip
502,pure_int,12,strip,strip
6.75,decimal,12,strip,strip
6x1,multiplier,12,strip,strip
6x33cl,multiplier,12,strip,strip
7.7,decimal,12,strip,strip
750cc,num_unit,12,strip,strip
nu3,word_embedded,12,keep_brand,keep_brand
1000g,num_unit,11,strip,strip
1362,pure_int,11,strip,strip
2021,pure_int,11,strip,strip
220,pure_int,11,strip,strip
234,pure_int,11,strip,strip
26,pure_int,11,strip,strip
369,pure_int,11,strip,strip
4x0.,multiplier,11,strip,strip
4x250,multiplier,11,strip,strip
65g,num_unit,11,strip,strip
6x330,multiplier,11,strip,strip
6x750ml,multiplier,11,strip,strip
908,pure_int,11,strip,strip
h2,word_embedded,11,keep_nutrient,keep_nutrient
stacker2,word_embedded,11,strip,strip
0.30,decimal,10,strip,strip
03,pure_int,10,strip,strip
1.50,decimal,10,strip,strip
11.8,decimal,10,strip,strip
12x500,multiplier,10,strip,strip
130,pure_int,10,strip,strip
1400,pure_int,10,strip,strip
1850,pure_int,10,strip,strip
19,pure_int,10,strip,strip
1lb,num_unit,10,strip,strip
39,pure_int,10,strip,strip
425,pure_int,10,strip,strip
44,pure_int,10,strip,strip
4x90g,multiplier,10,strip,strip
5.5,decimal,10,strip,strip
51,pure_int,10,strip,strip
5g,num_unit,10,strip,strip
7.5dl,num_unit,10,strip,strip
8.8ph,word_embedded,10,keep_nutrient,keep_nutrient
8482,pure_int,10,strip,strip
1150,pure_int,9,strip,strip
119,pure_int,9,strip,strip
120mg,num_unit,9,strip,strip
12g,num_unit,9,strip,strip
12x330,multiplier,9,strip,strip
12x330ml,multiplier,9,strip,strip
160mg,num_unit,9,strip,strip
16fl.oz.,word_embedded,9,strip,strip
175,pure_int,9,strip,strip
2022,pure_int,9,strip,strip
245,pure_int,9,strip,strip
24x0.,multiplier,9,strip,strip
24x200,multiplier,9,strip,strip
24x25,multiplier,9,strip,strip
34,pure_int,9,strip,strip
4x1.,multiplier,9,strip,strip
4x100ml,multiplier,9,strip,strip
547,pure_int,9,strip,strip
6ct,num_unit,9,strip,strip
6x250,multiplier,9,strip,strip
78,pure_int,9,strip,strip
8ct,num_unit,9,strip,strip
got7,word_embedded,9,keep_brand,keep_brand
x12,multiplier,9,strip,strip
1.,other,8,keep_brand,keep_brand
10ct,num_unit,8,strip,strip
11.2,decimal,8,strip,strip
12.7,decimal,8,strip,strip
12fz,num_unit,8,strip,strip
14.5,decimal,8,strip,strip
35mg,num_unit,8,strip,strip
4.7,decimal,8,strip,strip
420g,num_unit,8,strip,strip
450g,num_unit,8,strip,strip
453,pure_int,8,strip,strip
4ct,num_unit,8,strip,strip
4x180ml,multiplier,8,strip,strip
50s,word_embedded,8,strip,strip
6x20cl,multiplier,8,strip,strip
6x33,multiplier,8,strip,strip
7.4,decimal,8,strip,strip
8.3,decimal,8,strip,strip
8x60ml,multiplier,8,strip,strip
9.5ph,word_embedded,8,keep_nutrient,keep_nutrient
b4y,word_embedded,8,strip,strip
h20,word_embedded,8,strip,strip
x6,multiplier,8,strip,strip
0.0,decimal,7,strip,strip
006,pure_int,7,strip,strip
02,pure_int,7,strip,strip
1.596,decimal,7,strip,strip
1.6,decimal,7,strip,strip
1.75,decimal,7,strip,strip
11.15,decimal,7,strip,strip
12000,pure_int,7,strip,strip
12xolvi,word_embedded,7,strip,strip
15680,pure_int,7,strip,strip
195,pure_int,7,strip,strip
2016,pure_int,7,strip,strip
2023,pure_int,7,strip,strip
2024,pure_int,7,strip,strip
250gr,num_unit,7,strip,strip
260,pure_int,7,strip,strip
276,pure_int,7,strip,strip
2x200ml,multiplier,7,strip,strip
3.00,decimal,7,strip,strip
3.3,decimal,7,strip,strip
300g,num_unit,7,strip,strip
3780,pure_int,7,strip,strip
3h,word_embedded,7,strip,strip
3x1l,multiplier,7,strip,strip
3x200,multiplier,7,strip,strip
3x250ml,multiplier,7,strip,strip
4.6g,num_unit,7,strip,strip
4x200.,multiplier,7,strip,strip
4x200ml,multiplier,7,strip,strip
50.7,decimal,7,strip,strip
500gr,num_unit,7,strip,strip
55,pure_int,7,strip,strip
7.6,decimal,7,strip,strip
88,pure_int,7,strip,strip
907,pure_int,7,strip,strip
b2,word_embedded,7,keep_nutrient,keep_nutrient
fruit2go,word_embedded,7,strip,strip
pk50,word_embedded,7,strip,strip
0.08,decimal,6,strip,strip
08,pure_int,6,strip,strip
1.35,decimal,6,strip,strip
10x200ml,multiplier,6,strip,strip
12863,pure_int,6,strip,strip
12x700ml,multiplier,6,strip,strip
1304,pure_int,6,strip,strip
180mg,num_unit,6,strip,strip
18x33cl,multiplier,6,strip,strip
198,pure_int,6,strip,strip
20.3,decimal,6,strip,strip
226,pure_int,6,strip,strip
24x33,multiplier,6,strip,strip
280,pure_int,6,strip,strip
2kg,num_unit,6,strip,strip
40123,pure_int,6,strip,strip
450gr,num_unit,6,strip,strip
4x1l,multiplier,6,strip,strip
560,pure_int,6,strip,strip
6.7,decimal,6,strip,strip
6x2,multiplier,6,strip,strip
6x75cl,multiplier,6,strip,strip
74,pure_int,6,strip,strip
800g,num_unit,6,strip,strip
b1,word_embedded,6,keep_nutrient,keep_nutrient
cm31,word_embedded,6,strip,strip
es6,word_embedded,6,strip,strip
l9044,word_embedded,6,strip,strip
of4,word_embedded,6,strip,strip
x4,multiplier,6,strip,strip
0.20,decimal,5,strip,strip
0.60,decimal,5,strip,strip
0.68,decimal,5,strip,strip
05,pure_int,5,strip,strip
10pk,num_unit,5,strip,strip
10x355ml,multiplier,5,strip,strip
11.16,decimal,5,strip,strip
112,pure_int,5,strip,strip
12.5,decimal,5,strip,strip
1225,pure_int,5,strip,strip
12x25cl,multiplier,5,strip,strip
15.9,decimal,5,strip,strip
163,pure_int,5,strip,strip
16x0.,multiplier,5,strip,strip
1900,pure_int,5,strip,strip
1938,pure_int,5,strip,strip
2.2lb,num_unit,5,strip,strip
2000mg,num_unit,5,strip,strip
2020,pure_int,5,strip,strip
24x33cl,multiplier,5,strip,strip
24x9gr,multiplier,5,strip,strip
254,pure_int,5,strip,strip
2x1l,multiplier,5,strip,strip
2x75cl,multiplier,5,strip,strip
2x900ml,multiplier,5,strip,strip
3.,other,5,keep_brand,keep_brand
33.81,decimal,5,strip,strip
423,pure_int,5,strip,strip
43,pure_int,5,strip,strip
482,pure_int,5,strip,strip
4th.,word_embedded,5,strip,strip
4x1,multiplier,5,strip,strip
4x100,multiplier,5,strip,strip
4x125ml,multiplier,5,strip,strip
4x25cl,multiplier,5,strip,strip
5.2,decimal,5,strip,strip
525,pure_int,5,strip,strip
54,pure_int,5,strip,strip
540,pure_int,5,strip,strip
6.00,decimal,5,strip,strip
6.3,decimal,5,strip,strip
6x1ltr,multiplier,5,strip,strip
6x500,multiplier,5,strip,strip
6x70,multiplier,5,strip,strip
6x75,multiplier,5,strip,strip
7.8ph,word_embedded,5,keep_nutrient,keep_nutrient
8.45,decimal,5,strip,strip
8.5ph,word_embedded,5,keep_nutrient,keep_nutrient
8.75,decimal,5,strip,strip
80mg,num_unit,5,strip,strip
90g,num_unit,5,strip,strip
9x1l,multiplier,5,strip,strip
a5044,word_embedded,5,strip,strip
good2grow,word_embedded,5,keep_name,keep_name
hp29,word_embedded,5,strip,strip
0.2,decimal,4,strip,strip
0.50,decimal,4,strip,strip
0.5kmp,word_embedded,4,strip,strip
0.5x12,multiplier,4,strip,strip
1.000,decimal,4,keep_brand,keep_brand
1.1kg,num_unit,4,strip,strip
1.5lx4,multiplier,4,strip,strip
1.62,decimal,4,strip,strip
10.14,decimal,4,strip,strip
10.3,decimal,4,strip,strip
10liters,word_embedded,4,strip,strip
10x20,multiplier,4,strip,strip
10x355.,multiplier,4,strip,strip
113g,num_unit,4,strip,strip
1183,pure_int,4,strip,strip
12x0.5,multiplier,4,strip,strip
12x1,multiplier,4,strip,strip
14.9,decimal,4,strip,strip
15.5,decimal,4,strip,strip
175mg,num_unit,4,strip,strip
1800,pure_int,4,strip,strip
1891,pure_int,4,strip,strip
2.8,decimal,4,keep_brand,keep_brand
207,pure_int,4,strip,strip
20pk,num_unit,4,strip,strip
23.5,decimal,4,strip,strip
230mg,num_unit,4,strip,strip
233,pure_int,4,strip,strip
240g,num_unit,4,strip,strip
27.5,decimal,4,strip,strip
2x1.,multiplier,4,strip,strip
30.4,decimal,4,strip,strip
33.8fl.oz,word_embedded,4,strip,strip
3x20,multiplier,4,strip,strip
3x20cl,multiplier,4,strip,strip
3x330ml,multiplier,4,strip,strip
4.2,decimal,4,strip,strip
4.4,decimal,4,strip,strip
400g,num_unit,4,strip,strip
454g,num_unit,4,strip,strip
4er,word_embedded,4,strip,strip
4x20cl,multiplier,4,strip,strip
4x33cl,multiplier,4,strip,strip
4x50cl,multiplier,4,strip,strip
540g,num_unit,4,strip,strip
56,pure_int,4,strip,strip
5x250,multiplier,4,strip,strip
6.,other,4,strip,strip
6000mg,num_unit,4,strip,strip
62,pure_int,4,strip,strip
640,pure_int,4,strip,strip
67.6,decimal,4,strip,strip
695,pure_int,4,strip,strip
6m,word_embedded,4,strip,strip
6x0.5,multiplier,4,strip,strip
6x2l,multiplier,4,strip,strip
7.0,decimal,4,strip,strip
7.3,decimal,4,strip,strip
700g,num_unit,4,strip,strip
70g,num_unit,4,strip,strip
720,pure_int,4,strip,strip
730,pure_int,4,strip,strip
75mg,num_unit,4,strip,strip
8.2,decimal,4,strip,strip
8.22,decimal,4,strip,strip
8.4,decimal,4,strip,strip
8.8ph.,word_embedded,4,keep_nutrient,keep_nutrient
89,pure_int,4,strip,strip
8x200.,multiplier,4,strip,strip
95,pure_int,4,strip,strip
og2,word_embedded,4,strip,strip
ph7,word_embedded,4,keep_nutrient,keep_nutrient
pk30,word_embedded,4,strip,strip
so2,word_embedded,4,strip,strip
tea44,word_embedded,4,strip,strip
x2,multiplier,4,keep_brand,keep_brand
x3,multiplier,4,strip,strip
zs23,word_embedded,4,strip,strip
.99,other,3,strip,strip
0.3,decimal,3,strip,strip
0.50e,word_embedded,3,strip,strip
000,pure_int,3,strip,strip
07,pure_int,3,strip,strip
09,pure_int,3,strip,strip
1.00,decimal,3,keep_brand,keep_brand
1.19,decimal,3,strip,strip
105srllc,word_embedded,3,keep_name,keep_name
108,pure_int,3,strip,strip
10x200.,multiplier,3,strip,strip
10x33cl,multiplier,3,strip,strip
11.3,decimal,3,strip,strip
1188,pure_int,3,strip,strip
1191,pure_int,3,strip,strip
126,pure_int,3,strip,strip
12shots,word_embedded,3,keep_name,keep_name
12x1000ml,multiplier,3,strip,strip
12x1ltr,multiplier,3,strip,strip
12x200ml,multiplier,3,strip,strip
12x25,multiplier,3,strip,strip
12x33,multiplier,3,strip,strip
12x50,multiplier,3,strip,strip
12x50.,multiplier,3,strip,strip
130mg,num_unit,3,strip,strip
142,pure_int,3,strip,strip
148,pure_int,3,strip,strip
15000,pure_int,3,strip,strip
153,pure_int,3,strip,strip
1589,pure_int,3,strip,strip
15g,num_unit,3,strip,strip
16.6,decimal,3,strip,strip
165,pure_int,3,strip,strip
1650,pure_int,3,strip,strip
171,pure_int,3,strip,strip
174,pure_int,3,strip,strip
18.5,decimal,3,strip,strip
1816,pure_int,3,strip,strip
192,pure_int,3,strip,strip
1920,pure_int,3,strip,strip
1959,pure_int,3,strip,strip
1c,word_embedded,3,strip,strip
1lb.,num_unit,3,strip,strip
2.2kg,num_unit,3,strip,strip
2.5kg,num_unit,3,strip,strip
20floz,word_embedded,3,strip,strip
20gr,num_unit,3,strip,strip
20x0.,multiplier,3,strip,strip
225mg,num_unit,3,strip,strip
227g,num_unit,3,strip,strip
2298,pure_int,3,strip,strip
22g,num_unit,3,strip,strip
23.7,decimal,3,strip,strip
24.,other,3,keep_brand,keep_brand
24x11.2gr,multiplier,3,strip,strip
24x20,multiplier,3,strip,strip
24x200ml,multiplier,3,strip,strip
24x250,multiplier,3,strip,strip
24x330,multiplier,3,strip,strip
25.3,decimal,3,strip,strip
2724,pure_int,3,strip,strip
27x250,multiplier,3,strip,strip
2839,pure_int,3,strip,strip
2x1,multiplier,3,strip,strip
3.5,decimal,3,strip,strip
3.6,decimal,3,strip,strip
309,pure_int,3,strip,strip
30g,num_unit,3,strip,strip
33.,other,3,strip,strip
349,pure_int,3,strip,strip
380g,num_unit,3,strip,strip
3pk,num_unit,3,strip,strip
3x1.,multiplier,3,strip,strip
3x25cl,multiplier,3,strip,strip
3x2dl,multiplier,3,strip,strip
3x70cl,multiplier,3,strip,strip
4.000,decimal,3,strip,strip
4.50,decimal,3,strip,strip
40.000,decimal,3,strip,strip
42161,pure_int,3,strip,strip
440g,num_unit,3,strip,strip
49,pure_int,3,strip,strip
4x140cl,multiplier,3,strip,strip
4x25,multiplier,3,strip,strip
4x355.,multiplier,3,strip,strip
4x500,multiplier,3,strip,strip
5.0,decimal,3,strip,strip
6.4,decimal,3,strip,strip
6.5,decimal,3,keep_brand,keep_brand
6g,num_unit,3,strip,strip
6x222.,multiplier,3,strip,strip
6x32oz,multiplier,3,strip,strip
6x33.,multiplier,3,strip,strip
6x355.,multiplier,3,strip,strip
6x355ml,multiplier,3,strip,strip
6x500.,multiplier,3,strip,strip
7.50,decimal,3,strip,strip
7.8,decimal,3,strip,strip
709,pure_int,3,strip,strip
71,pure_int,3,strip,strip
7803,pure_int,3,strip,strip
7up,word_embedded,3,strip,strip
7x60ml,multiplier,3,strip,strip
8.45fl.oz,word_embedded,3,strip,strip
85g,num_unit,3,strip,strip
9000,pure_int,3,strip,strip
9x33,multiplier,3,strip,strip
b452,word_embedded,3,keep_nutrient,keep_nutrient
b461,word_embedded,3,keep_nutrient,keep_nutrient
b9,word_embedded,3,keep_nutrient,keep_nutrient
ds6,word_embedded,3,strip,strip
good4you,word_embedded,3,keep_name,keep_name
grx24,word_embedded,3,strip,strip
number1,word_embedded,3,strip,strip
og1,word_embedded,3,strip,strip
oxy3,word_embedded,3,strip,strip
p10,word_embedded,3,strip,strip
pk32,word_embedded,3,strip,strip
pxb476,word_embedded,3,strip,strip
re32,word_embedded,3,strip,strip
sb3x,word_embedded,3,strip,strip
sub9,word_embedded,3,strip,strip
ti12,word_embedded,3,strip,strip
x1.,multiplier,3,strip,strip
x24,multiplier,3,strip,strip
x7,multiplier,3,strip,strip
.8g,word_embedded,2,strip,strip
0.00,decimal,2,strip,strip
0.05,decimal,2,strip,strip
0.25lx4,multiplier,2,strip,strip
0.37,decimal,2,strip,strip
0.48,decimal,2,strip,strip
0.5kg,num_unit,2,strip,strip
0.5x24,multiplier,2,strip,strip
0.96,decimal,2,strip,strip
01,pure_int,2,strip,strip
012528,pure_int,2,strip,strip
039,pure_int,2,strip,strip
1...,other,2,keep_brand,keep_brand
1.35f,word_embedded,2,strip,strip
1.500gr,num_unit,2,strip,strip
1000gr,num_unit,2,strip,strip
1000mlx6,word_embedded,2,strip,strip
100585,pure_int,2,strip,strip
101.4,decimal,2,strip,strip
101243,pure_int,2,strip,strip
10125025,pure_int,2,strip,strip
10125038,pure_int,2,strip,strip
10125041,pure_int,2,strip,strip
10125067,pure_int,2,strip,strip
105,pure_int,2,strip,strip
10ph,word_embedded,2,keep_nutrient,keep_nutrient
10x20cl,multiplier,2,strip,strip
10x25,multiplier,2,strip,strip
10x4.2g,multiplier,2,strip,strip
11.1,decimal,2,strip,strip
113.4,decimal,2,strip,strip
11x500ml,multiplier,2,strip,strip
12.5floz,word_embedded,2,strip,strip
12.68,decimal,2,strip,strip
125g,num_unit,2,strip,strip
125gr,num_unit,2,strip,strip
12x15,multiplier,2,strip,strip
12x16oz,multiplier,2,strip,strip
12x235ml,multiplier,2,strip,strip
12x341ml,multiplier,2,strip,strip
12x425ml,multiplier,2,strip,strip
12x532ml,multiplier,2,strip,strip
12xvarska,word_embedded,2,strip,strip
13.5,decimal,2,strip,strip
133,pure_int,2,strip,strip
142mg,num_unit,2,strip,strip
150gr,num_unit,2,strip,strip
15ct,num_unit,2,strip,strip
15x9g,multiplier,2,strip,strip
16.0,decimal,2,strip,strip
16.7,decimal,2,strip,strip
16.89,decimal,2,strip,strip
16fl.oz,word_embedded,2,strip,strip
16fz,num_unit,2,strip,strip
16x250ml,multiplier,2,strip,strip
1791276,pure_int,2,strip,strip
1800g,num_unit,2,strip,strip
184,pure_int,2,strip,strip
185,pure_int,2,strip,strip
1888,pure_int,2,strip,strip
195g,num_unit,2,strip,strip
195mlx20,word_embedded,2,strip,strip
1pt,word_embedded,2,strip,strip
1x250,multiplier,2,strip,strip
2.,other,2,keep_brand,keep_brand
2...,other,2,keep_brand,keep_brand
2.4,decimal,2,keep_brand,keep_brand
200gr,num_unit,2,strip,strip
201,pure_int,2,strip,strip
2025,pure_int,2,strip,strip
20ea,word_embedded,2,strip,strip
20x22g,multiplier,2,strip,strip
20x33cl,multiplier,2,strip,strip
20x500,multiplier,2,strip,strip
210g,num_unit,2,strip,strip
2199438,pure_int,2,strip,strip
21g,num_unit,2,strip,strip
2209,pure_int,2,strip,strip
220g,num_unit,2,strip,strip
222mg,num_unit,2,strip,strip
225g,num_unit,2,strip,strip
225gr,num_unit,2,strip,strip
226.8,decimal,2,strip,strip
2497,pure_int,2,strip,strip
24ct,num_unit,2,strip,strip
24s,word_embedded,2,strip,strip
24x1.5,multiplier,2,strip,strip
24x50cl,multiplier,2,strip,strip
24x9,multiplier,2,strip,strip
25.36,decimal,2,strip,strip
2500000005,pure_int,2,strip,strip
250g,num_unit,2,strip,strip
250mlx,word_embedded,2,strip,strip
250mlx4,word_embedded,2,strip,strip
25mg,num_unit,2,strip,strip
26.,other,2,strip,strip
268,pure_int,2,strip,strip
27.1,decimal,2,strip,strip
27076,pure_int,2,strip,strip
275g,num_unit,2,strip,strip
27x288ml,multiplier,2,strip,strip
290g,num_unit,2,strip,strip
2ct,num_unit,2,strip,strip
2g,num_unit,2,strip,strip
2o,word_embedded,2,strip,strip
2pk,num_unit,2,strip,strip
2pk.,num_unit,2,strip,strip
2x100g,multiplier,2,strip,strip
2x15cl,multiplier,2,strip,strip
2x1lt,multiplier,2,strip,strip
2x200,multiplier,2,strip,strip
2x250,multiplier,2,strip,strip
2x500,multiplier,2,strip,strip
2x700ml,multiplier,2,strip,strip
30634,pure_int,2,strip,strip
30x125ml,multiplier,2,strip,strip
315,pure_int,2,strip,strip
31kcal,num_unit,2,strip,strip
32.0,decimal,2,strip,strip
3200,pure_int,2,strip,strip
32pk,num_unit,2,strip,strip
33g,num_unit,2,strip,strip
343,pure_int,2,strip,strip
350g,num_unit,2,strip,strip
37,pure_int,2,strip,strip
375g,num_unit,2,strip,strip
38.304,decimal,2,strip,strip
384,pure_int,2,strip,strip
39.99,decimal,2,strip,strip
3in1,word_embedded,2,strip,strip
3kg,num_unit,2,strip,strip
3p,word_embedded,2,strip,strip
3s,word_embedded,2,strip,strip
3x17.,multiplier,2,strip,strip
3x220ml,multiplier,2,strip,strip
3x50,multiplier,2,strip,strip
3x75,multiplier,2,strip,strip
3x8x,multiplier,2,strip,strip
4.0,decimal,2,strip,strip
4.9,decimal,2,strip,strip
40.56,decimal,2,strip,strip
405,pure_int,2,strip,strip
40mg,num_unit,2,strip,strip
41,pure_int,2,strip,strip
4259,pure_int,2,strip,strip
425g,num_unit,2,strip,strip
439,pure_int,2,strip,strip
460,pure_int,2,strip,strip
48030,pure_int,2,strip,strip
48z,word_embedded,2,strip,strip
490g,num_unit,2,strip,strip
496,pure_int,2,strip,strip
4pks,word_embedded,2,strip,strip
4th,word_embedded,2,strip,strip
4x1.5,multiplier,2,strip,strip
4x100g,multiplier,2,strip,strip
4x180,multiplier,2,strip,strip
4x200,multiplier,2,strip,strip
4x230ml,multiplier,2,strip,strip
4x275.,multiplier,2,strip,strip
4x33,multiplier,2,strip,strip
4x6pk,multiplier,2,strip,strip
4x6x12,word_embedded,2,strip,strip
4x750ml,multiplier,2,strip,strip
50.72,decimal,2,strip,strip
500mlx12,word_embedded,2,strip,strip
500mlx24,word_embedded,2,strip,strip
510g,num_unit,2,strip,strip
520,pure_int,2,strip,strip
5298,pure_int,2,strip,strip
553147,pure_int,2,strip,strip
553148,pure_int,2,strip,strip
5dl,num_unit,2,strip,strip
5x1000,multiplier,2,strip,strip
5x330ml,multiplier,2,strip,strip
6.2,decimal,2,strip,strip
6.8,decimal,2,strip,strip
600gr,num_unit,2,strip,strip
613,pure_int,2,strip,strip
650g,num_unit,2,strip,strip
65p,word_embedded,2,strip,strip
660,pure_int,2,strip,strip
6er,word_embedded,2,strip,strip
6mix1,word_embedded,2,strip,strip
6s,word_embedded,2,strip,strip
6st,word_embedded,2,strip,strip
6x1.5,multiplier,2,strip,strip
6x100cl,multiplier,2,strip,strip
6x125,multiplier,2,strip,strip
6x25.,multiplier,2,strip,strip
6x4,multiplier,2,strip,strip
6xteho,word_embedded,2,strip,strip
7000,pure_int,2,strip,strip
72.0,decimal,2,strip,strip
76,pure_int,2,strip,strip
760,pure_int,2,strip,strip
79p,word_embedded,2,strip,strip
8.5floz,word_embedded,2,strip,strip
8059,pure_int,2,strip,strip
830,pure_int,2,strip,strip
840,pure_int,2,strip,strip
8x0.,multiplier,2,strip,strip
8x2l,multiplier,2,strip,strip
8x2ltr,multiplier,2,strip,strip
8x33,multiplier,2,strip,strip
8x33cl,multiplier,2,strip,strip
8x35g,multiplier,2,strip,strip
8x4,multiplier,2,strip,strip
9.0,decimal,2,strip,strip
9.28,decimal,2,strip,strip
9.56,decimal,2,strip,strip
9.6,decimal,2,strip,strip
9.64,decimal,2,strip,strip
902836,pure_int,2,strip,strip
91,pure_int,2,strip,strip
9283,pure_int,2,strip,strip
97,pure_int,2,strip,strip
99.8,decimal,2,strip,strip
9gx15uds,multiplier,2,strip,strip
a1,word_embedded,2,strip,strip
aquacareh20,word_embedded,2,strip,strip
b23709,word_embedded,2,keep_nutrient,keep_nutrient
b478,word_embedded,2,keep_nutrient,keep_nutrient
beber100,word_embedded,2,strip,strip
big8,word_embedded,2,strip,strip
carni4,word_embedded,2,strip,strip
coq10,word_embedded,2,strip,strip
cranberry750,word_embedded,2,strip,strip
drink12,word_embedded,2,strip,strip
ds12,word_embedded,2,strip,strip
fr1104,word_embedded,2,strip,strip
from.0.5,other,2,strip,strip
fruit2,word_embedded,2,strip,strip
good2,word_embedded,2,strip,strip
gp0027,word_embedded,2,strip,strip
mango1,word_embedded,2,strip,strip
mec3,word_embedded,2,strip,strip
mlx6,word_embedded,2,strip,strip
no.9,product_number,2,strip,strip
no1,word_embedded,2,strip,strip
no12,word_embedded,2,strip,strip
p24,word_embedded,2,strip,strip
ph10,word_embedded,2,keep_nutrient,keep_nutrient
ph9.5,word_embedded,2,keep_nutrient,keep_nutrient
re2al,word_embedded,2,strip,strip
sr25,word_embedded,2,strip,strip
u0026,word_embedded,2,strip,strip
ursu9,word_embedded,2,strip,strip
v2u,word_embedded,2,strip,strip
x150,multiplier,2,strip,strip
yu5,word_embedded,2,strip,strip
.11,other,1,strip,strip
.88ounces,word_embedded,1,keep_name,keep_name
0.10,decimal,1,strip,strip
0.15,decimal,1,strip,strip
0.20cc,num_unit,1,strip,strip
0.28g,num_unit,1,strip,strip
0.33lx10,multiplier,1,strip,strip
0.33lx12,multiplier,1,strip,strip
0.35,decimal,1,strip,strip
0.3e,word_embedded,1,strip,strip
0.4,decimal,1,strip,strip
0.40e,word_embedded,1,strip,strip
0.500,decimal,1,strip,strip
0.56,decimal,1,strip,strip
0.6,decimal,1,strip,strip
0.60e,word_embedded,1,strip,strip
0.70,decimal,1,strip,strip
0.70p,word_embedded,1,strip,strip
0.7lfhm,word_embedded,1,strip,strip
0.93,decimal,1,strip,strip
0.95,decimal,1,strip,strip
00001,pure_int,1,strip,strip
00002,pure_int,1,strip,strip
0012000110341,pure_int,1,strip,strip
00154,pure_int,1,strip,strip
00280,pure_int,1,strip,strip
00286,pure_int,1,strip,strip
00365776,pure_int,1,strip,strip
0100,pure_int,1,strip,strip
01044666,pure_int,1,strip,strip
012,pure_int,1,strip,strip
012955,pure_int,1,strip,strip
02052863,pure_int,1,strip,strip
02life,word_embedded,1,strip,strip
03080979,pure_int,1,strip,strip
03740418,pure_int,1,strip,strip
04,pure_int,1,strip,strip
04.11.2021,other,1,strip,strip
04434600,pure_int,1,strip,strip
04667066,pure_int,1,strip,strip
05125290,pure_int,1,strip,strip
054501,pure_int,1,strip,strip
05463041,pure_int,1,strip,strip
055300,pure_int,1,strip,strip
05l24plt,word_embedded,1,strip,strip
06810361,pure_int,1,strip,strip
06978563,pure_int,1,strip,strip
06978646,pure_int,1,strip,strip
073366118023,pure_int,1,strip,strip
073366118122,pure_int,1,strip,strip
1.0,decimal,1,keep_brand,keep_brand
1.000mg,num_unit,1,strip,strip
1.09,decimal,1,strip,strip
1.15,decimal,1,strip,strip
1.3,decimal,1,strip,strip
1.32,decimal,1,strip,strip
1.375kg,num_unit,1,strip,strip
1.45,decimal,1,strip,strip
1.51,decimal,1,strip,strip
1.60,decimal,1,strip,strip
1.6kcal,num_unit,1,strip,strip
1.80,decimal,1,keep_brand,keep_brand
1.92,decimal,1,strip,strip
10.08.2022,other,1,strip,strip
10.1,decimal,1,strip,strip
10.66,decimal,1,strip,strip
10.8,decimal,1,strip,strip
100.000,decimal,1,strip,strip
1000027890,pure_int,1,strip,strip
1000032212,pure_int,1,strip,strip
1000061554,pure_int,1,strip,strip
1000061610,pure_int,1,strip,strip
10087191,pure_int,1,strip,strip
100ct.,num_unit,1,strip,strip
100x4,multiplier,1,strip,strip
10124815,pure_int,1,strip,strip
10125021,pure_int,1,strip,strip
10125022,pure_int,1,strip,strip
10125024,pure_int,1,strip,strip
10125039,pure_int,1,strip,strip
10125048,pure_int,1,strip,strip
10125064,pure_int,1,strip,strip
10125069,pure_int,1,strip,strip
10125070,pure_int,1,strip,strip
101264ct,num_unit,1,strip,strip
1021,pure_int,1,strip,strip
103,pure_int,1,strip,strip
1050,pure_int,1,strip,strip
1056,pure_int,1,strip,strip
105srll,word_embedded,1,keep_name,keep_name
10708131,pure_int,1,strip,strip
10708148,pure_int,1,strip,strip
10708208,pure_int,1,strip,strip
1080,pure_int,1,strip,strip
10floz,word_embedded,1,strip,strip
10kg,num_unit,1,strip,strip
10x0.,multiplier,1,strip,strip
10x10cl,multiplier,1,strip,strip
10x12g,multiplier,1,strip,strip
10x1l,multiplier,1,strip,strip
10x200,multiplier,1,strip,strip
10x230,multiplier,1,strip,strip
10x250ml,multiplier,1,strip,strip
10x500,multiplier,1,strip,strip
10x5gr,multiplier,1,strip,strip
10x65g,multiplier,1,strip,strip
11.05,decimal,1,strip,strip
11.5000,decimal,1,strip,strip
11080022,pure_int,1,strip,strip
11280907,pure_int,1,strip,strip
11311789,pure_int,1,strip,strip
114,pure_int,1,strip,strip
1146,pure_int,1,strip,strip
115,pure_int,1,strip,strip
118060,pure_int,1,strip,strip
11fl.oz,word_embedded,1,strip,strip
11floz,word_embedded,1,strip,strip
11gr,num_unit,1,strip,strip
11x0.,multiplier,1,strip,strip
12.0,decimal,1,strip,strip
12.3,decimal,1,strip,strip
12.30,decimal,1,strip,strip
12.6,decimal,1,strip,strip
120mlx24,word_embedded,1,strip,strip
12252794,pure_int,1,strip,strip
123organik,word_embedded,1,keep_name,keep_name
1247,pure_int,1,strip,strip
12adet330ml,word_embedded,1,keep_name,keep_name
12ct.,num_unit,1,strip,strip
12er,word_embedded,1,strip,strip
12fl,word_embedded,1,strip,strip
12fl.oz,word_embedded,1,strip,strip
12floz,word_embedded,1,strip,strip
12fo,word_embedded,1,strip,strip
12gr,num_unit,1,strip,strip
12packs,word_embedded,1,keep_name,keep_name
12s,word_embedded,1,strip,strip
12stick,word_embedded,1,keep_name,keep_name
12x1000,multiplier,1,strip,strip
12x12,multiplier,1,strip,strip
12x14oz,multiplier,1,strip,strip
12x15.,multiplier,1,strip,strip
12x150,multiplier,1,strip,strip
12x150ml,multiplier,1,strip,strip
12x16,multiplier,1,strip,strip
12x17.,multiplier,1,strip,strip
12x2,multiplier,1,strip,strip
12x2.5g,multiplier,1,strip,strip
12x200,multiplier,1,strip,strip
12x275ml,multiplier,1,strip,strip
12x3.5g,multiplier,1,strip,strip
12x341.,multiplier,1,strip,strip
12x355,multiplier,1,strip,strip
12x35g,multiplier,1,strip,strip
12x473ml,multiplier,1,strip,strip
12x500mle,multiplier,1,strip,strip
12x50cl,multiplier,1,strip,strip
12x52ml,multiplier,1,strip,strip
12x600ml,multiplier,1,strip,strip
12x60ml,multiplier,1,strip,strip
12x750ml,multiplier,1,strip,strip
12x75cl,multiplier,1,strip,strip
13.50,decimal,1,strip,strip
1300,pure_int,1,strip,strip
1320,pure_int,1,strip,strip
135,pure_int,1,strip,strip
135.7,decimal,1,strip,strip
135g,num_unit,1,strip,strip
136,pure_int,1,strip,strip
137.2,decimal,1,strip,strip
139,pure_int,1,strip,strip
139821,pure_int,1,strip,strip
13984558,pure_int,1,strip,strip
13kj,word_embedded,1,strip,strip
14.4g,num_unit,1,strip,strip
140,pure_int,1,strip,strip
144,pure_int,1,strip,strip
1447,pure_int,1,strip,strip
15.2fz,num_unit,1,strip,strip
1500mg,num_unit,1,strip,strip
150mg,num_unit,1,strip,strip
1512,pure_int,1,strip,strip
15813,pure_int,1,strip,strip
15gr,num_unit,1,strip,strip
15mg,num_unit,1,strip,strip
15pk,num_unit,1,strip,strip
15uts,word_embedded,1,strip,strip
15x25.,multiplier,1,strip,strip
15x300ml,multiplier,1,strip,strip
15x30cl,multiplier,1,strip,strip
15x330ml,multiplier,1,strip,strip
15x4g,multiplier,1,strip,strip
16.5,decimal,1,strip,strip
16.90,decimal,1,strip,strip
160g,num_unit,1,strip,strip
16ct,num_unit,1,strip,strip
16fo,word_embedded,1,strip,strip
16pian,word_embedded,1,keep_name,keep_name
16pk,num_unit,1,strip,strip
16uts,word_embedded,1,strip,strip
16x0.5,multiplier,1,strip,strip
17.76g,num_unit,1,strip,strip
17.8gr,num_unit,1,strip,strip
171g,num_unit,1,strip,strip
1726892,pure_int,1,strip,strip
1795111,pure_int,1,strip,strip
1795145,pure_int,1,strip,strip
17gr,num_unit,1,strip,strip
18.6,decimal,1,strip,strip
18.99,decimal,1,strip,strip
180mlx20,word_embedded,1,strip,strip
182,pure_int,1,strip,strip
18200258741,pure_int,1,strip,strip
18200258751,pure_int,1,strip,strip
189,pure_int,1,strip,strip
18pk,num_unit,1,strip,strip
18x0.,multiplier,1,strip,strip
19.,other,1,strip,strip
190g,num_unit,1,strip,strip
190gx20,multiplier,1,strip,strip
1925,pure_int,1,strip,strip
194,pure_int,1,strip,strip
1946,pure_int,1,strip,strip
19843,pure_int,1,strip,strip
1995,pure_int,1,strip,strip
1ct,num_unit,1,strip,strip
1free,word_embedded,1,keep_name,keep_name
1gallon,word_embedded,1,keep_name,keep_name
1kcl,word_embedded,1,strip,strip
1l15,word_embedded,1,strip,strip
1ol7242,word_embedded,1,strip,strip
1per,word_embedded,1,strip,strip
1st,word_embedded,1,strip,strip
1st.,word_embedded,1,strip,strip
1tr,word_embedded,1,strip,strip
1v,word_embedded,1,strip,strip
1v.,word_embedded,1,strip,strip
1x1.,multiplier,1,strip,strip
1x100g,multiplier,1,strip,strip
1x16,multiplier,1,strip,strip
1x1ltr,multiplier,1,strip,strip
1x20,multiplier,1,strip,strip
1x200ml,multiplier,1,strip,strip
1x250ml,multiplier,1,strip,strip
1x32,multiplier,1,strip,strip
2.0.,other,1,strip,strip
2.1lb,num_unit,1,strip,strip
2.2lbs,num_unit,1,strip,strip
2.75gr,num_unit,1,strip,strip
20.28,decimal,1,strip,strip
20000,pure_int,1,strip,strip
201302,pure_int,1,strip,strip
2017,pure_int,1,strip,strip
2018,pure_int,1,strip,strip
206,pure_int,1,strip,strip
206g,num_unit,1,strip,strip
20ct,num_unit,1,strip,strip
20li,word_embedded,1,strip,strip
20mg,num_unit,1,strip,strip
20s,word_embedded,1,strip,strip
20x4gr,multiplier,1,strip,strip
20x50,multiplier,1,strip,strip
20x500ml,multiplier,1,strip,strip
20x5g,multiplier,1,strip,strip
21.6,decimal,1,strip,strip
2100,pure_int,1,strip,strip
2135,pure_int,1,strip,strip
2136,pure_int,1,strip,strip
2191,pure_int,1,strip,strip
21st,word_embedded,1,keep_brand,keep_brand
22.07.2021,other,1,strip,strip
22006011000,pure_int,1,strip,strip
226.7,decimal,1,strip,strip
226g,num_unit,1,strip,strip
2287,pure_int,1,strip,strip
2300,pure_int,1,strip,strip
23151100,pure_int,1,strip,strip
24.02.2023,other,1,strip,strip
24.48,decimal,1,strip,strip
24.8,decimal,1,strip,strip
241g,num_unit,1,strip,strip
249,pure_int,1,strip,strip
24ct.,num_unit,1,strip,strip
24ea,word_embedded,1,strip,strip
24er,word_embedded,1,strip,strip
24lu,word_embedded,1,strip,strip
24lu330ml,word_embedded,1,strip,strip
24st,word_embedded,1,strip,strip
24x1.5gr,multiplier,1,strip,strip
24x150ml,multiplier,1,strip,strip
24x200.,multiplier,1,strip,strip
24x250mle35,word_embedded,1,strip,strip
24x25cl,multiplier,1,strip,strip
24x500,multiplier,1,strip,strip
24x700g,multiplier,1,strip,strip
24x8.,multiplier,1,strip,strip
250m,word_embedded,1,strip,strip
250mlx12,word_embedded,1,strip,strip
26.02.2023,other,1,strip,strip
26g,num_unit,1,strip,strip
27.07.2021,other,1,strip,strip
27.8,decimal,1,strip,strip
274.8,decimal,1,strip,strip
275gr,num_unit,1,strip,strip
276547,pure_int,1,strip,strip
276g,num_unit,1,strip,strip
27er,word_embedded,1,strip,strip
28.22,decimal,1,strip,strip
280g,num_unit,1,strip,strip
280gm,word_embedded,1,strip,strip
281265,pure_int,1,strip,strip
282.3,decimal,1,strip,strip
285,pure_int,1,strip,strip
286,pure_int,1,strip,strip
28g,num_unit,1,strip,strip
29,pure_int,1,strip,strip
29.8,decimal,1,strip,strip
292574,pure_int,1,strip,strip
292575,pure_int,1,strip,strip
292863,pure_int,1,strip,strip
298,pure_int,1,strip,strip
298131,pure_int,1,strip,strip
298132,pure_int,1,strip,strip
298136,pure_int,1,strip,strip
2cs,word_embedded,1,strip,strip
2go,word_embedded,1,strip,strip
2lbs,num_unit,1,strip,strip
2nd,word_embedded,1,strip,strip
2pcl8,word_embedded,1,strip,strip
2ping,word_embedded,1,keep_name,keep_name
2pump,word_embedded,1,keep_name,keep_name
2x12,multiplier,1,strip,strip
2x230ml,multiplier,1,strip,strip
2x24,multiplier,1,strip,strip
2x2l,multiplier,1,strip,strip
2x2l.,multiplier,1,strip,strip
2x5,multiplier,1,strip,strip
2x500g,multiplier,1,strip,strip
2x5l,multiplier,1,strip,strip
2x6x750ml,word_embedded,1,strip,strip
2x90,multiplier,1,strip,strip
2x90cl,multiplier,1,strip,strip
3...,other,1,keep_brand,keep_brand
3.11,decimal,1,strip,strip
3.5g,num_unit,1,strip,strip
3.7,decimal,1,strip,strip
3.75,decimal,1,strip,strip
3.9,decimal,1,strip,strip
30.,other,1,strip,strip
30.04.2021,other,1,strip,strip
30.24,decimal,1,strip,strip
301,pure_int,1,strip,strip
308616,pure_int,1,strip,strip
30comp,word_embedded,1,keep_name,keep_name
30x0.25,multiplier,1,strip,strip
31.03.2019,other,1,strip,strip
31.07.2021,other,1,strip,strip
31.5,decimal,1,strip,strip
313333,pure_int,1,strip,strip
316,pure_int,1,strip,strip
316033,pure_int,1,strip,strip
320g,num_unit,1,strip,strip
329037,pure_int,1,strip,strip
32er,word_embedded,1,strip,strip
32fl.oz,word_embedded,1,strip,strip
32mg,num_unit,1,strip,strip
33.8000,decimal,1,strip,strip
33.8100,decimal,1,strip,strip
330...,other,1,strip,strip
330g,num_unit,1,strip,strip
330m,word_embedded,1,strip,strip
3330,pure_int,1,strip,strip
335,pure_int,1,strip,strip
337.5,decimal,1,strip,strip
33fl.oz,word_embedded,1,strip,strip
341,pure_int,1,strip,strip
344,pure_int,1,strip,strip
345,pure_int,1,strip,strip
35.27,decimal,1,strip,strip
3548,pure_int,1,strip,strip
35pk,num_unit,1,strip,strip
36ct,num_unit,1,strip,strip
374373,pure_int,1,strip,strip
378,pure_int,1,strip,strip
3800,pure_int,1,strip,strip
3800g,num_unit,1,strip,strip
38433,pure_int,1,strip,strip
387,pure_int,1,strip,strip
38g,num_unit,1,strip,strip
390,pure_int,1,strip,strip
3960,pure_int,1,strip,strip
397,pure_int,1,strip,strip
3jec,word_embedded,1,strip,strip
3x0,multiplier,1,strip,strip
3x0.5,multiplier,1,strip,strip
3x1,multiplier,1,strip,strip
3x120g,multiplier,1,strip,strip
3x250,multiplier,1,strip,strip
3x33,multiplier,1,strip,strip
3x330,multiplier,1,strip,strip
3x33cl,multiplier,1,strip,strip
3x500,multiplier,1,strip,strip
3x5l,multiplier,1,strip,strip
3x70,multiplier,1,strip,strip
3x8x150ml,word_embedded,1,strip,strip
4.,other,1,keep_brand,keep_brand
4.5,decimal,1,strip,strip
4.5g,num_unit,1,strip,strip
4.8,decimal,1,strip,strip
4.9lbs,num_unit,1,strip,strip
40.6,decimal,1,strip,strip
40000,pure_int,1,strip,strip
405.8,decimal,1,strip,strip
4086,pure_int,1,strip,strip
40x200,multiplier,1,strip,strip
40z,word_embedded,1,strip,strip
4191,pure_int,1,strip,strip
4260,pure_int,1,strip,strip
428506,pure_int,1,strip,strip
4287,pure_int,1,strip,strip
432,pure_int,1,strip,strip
4368,pure_int,1,strip,strip
44.0,decimal,1,strip,strip
4500,pure_int,1,strip,strip
450gr.,num_unit,1,strip,strip
450mg,num_unit,1,strip,strip
456,pure_int,1,strip,strip
46112600,pure_int,1,strip,strip
47,pure_int,1,strip,strip
470,pure_int,1,strip,strip
48.0,decimal,1,strip,strip
480g,num_unit,1,strip,strip
48fo,word_embedded,1,strip,strip
48x50,multiplier,1,strip,strip
490mlx24,word_embedded,1,strip,strip
495g,num_unit,1,strip,strip
49p,word_embedded,1,strip,strip
4g,num_unit,1,strip,strip
4kj,word_embedded,1,strip,strip
4la,word_embedded,1,strip,strip
4lbs,num_unit,1,strip,strip
4packs,word_embedded,1,keep_name,keep_name
4pz.,word_embedded,1,strip,strip
4x150cl,multiplier,1,strip,strip
4x16.,multiplier,1,strip,strip
4x1litre,multiplier,1,strip,strip
4x20,multiplier,1,strip,strip
4x230,multiplier,1,strip,strip
4x2l,multiplier,1,strip,strip
4x2litres,multiplier,1,strip,strip
4x330,multiplier,1,strip,strip
4x355ml,multiplier,1,strip,strip
4x50,multiplier,1,strip,strip
4x6,multiplier,1,strip,strip
4x60.,multiplier,1,strip,strip
4x6pack,multiplier,1,strip,strip
4x6x0.,word_embedded,1,strip,strip
5.,other,1,keep_brand,keep_brand
5.10,decimal,1,strip,strip
5.7kg,num_unit,1,strip,strip
5.8,decimal,1,strip,strip
5.84,decimal,1,strip,strip
50.82,decimal,1,strip,strip
500.0,decimal,1,strip,strip
500mg,num_unit,1,strip,strip
500mlsade,word_embedded,1,strip,strip
500mltarcin,word_embedded,1,strip,strip
505mg,num_unit,1,strip,strip
50c...,word_embedded,1,strip,strip
50g,num_unit,1,strip,strip
50mg,num_unit,1,strip,strip
50x6,multiplier,1,strip,strip
512729,pure_int,1,strip,strip
512816,pure_int,1,strip,strip
516405,pure_int,1,strip,strip
520388,pure_int,1,strip,strip
522009,pure_int,1,strip,strip
523664,pure_int,1,strip,strip
523717,pure_int,1,strip,strip
523718,pure_int,1,strip,strip
525349,pure_int,1,strip,strip
5265,pure_int,1,strip,strip
526831,pure_int,1,strip,strip
526880,pure_int,1,strip,strip
526966,pure_int,1,strip,strip
526967,pure_int,1,strip,strip
528,pure_int,1,strip,strip
547896,pure_int,1,strip,strip
547947,pure_int,1,strip,strip
548520,pure_int,1,strip,strip
549664,pure_int,1,strip,strip
549715,pure_int,1,strip,strip
549716,pure_int,1,strip,strip
550496,pure_int,1,strip,strip
550911,pure_int,1,strip,strip
550912,pure_int,1,strip,strip
550mlx24,word_embedded,1,strip,strip
551938,pure_int,1,strip,strip
552,pure_int,1,strip,strip
552783,pure_int,1,strip,strip
554605,pure_int,1,strip,strip
554709,pure_int,1,strip,strip
554813,pure_int,1,strip,strip
557517,pure_int,1,strip,strip
557672,pure_int,1,strip,strip
558297,pure_int,1,strip,strip
55g,num_unit,1,strip,strip
55pk,num_unit,1,strip,strip
562509,pure_int,1,strip,strip
563445,pure_int,1,strip,strip
566565,pure_int,1,strip,strip
58,pure_int,1,strip,strip
595g,num_unit,1,strip,strip
598607,pure_int,1,strip,strip
5999100032194,pure_int,1,strip,strip
5cal,word_embedded,1,strip,strip
5electrolytes,word_embedded,1,keep_name,keep_name
5la,word_embedded,1,strip,strip
5pk,num_unit,1,strip,strip
5x200ml,multiplier,1,strip,strip
5x250ml,multiplier,1,strip,strip
5x4,multiplier,1,strip,strip
5x6,multiplier,1,strip,strip
5x8g,multiplier,1,strip,strip
5x90g,multiplier,1,strip,strip
6.04,decimal,1,strip,strip
6.23,decimal,1,strip,strip
6.25,decimal,1,strip,strip
6.33,decimal,1,strip,strip
6.3kg,num_unit,1,strip,strip
6.5g,num_unit,1,strip,strip
6.7fl.oz,word_embedded,1,strip,strip
6.9,decimal,1,strip,strip
6.9fl,word_embedded,1,strip,strip
6066422,pure_int,1,strip,strip
60g,num_unit,1,strip,strip
60gm,word_embedded,1,strip,strip
60gr,num_unit,1,strip,strip
60p,word_embedded,1,strip,strip
60x37,multiplier,1,strip,strip
621,pure_int,1,strip,strip
624,pure_int,1,strip,strip
6357,pure_int,1,strip,strip
6506,pure_int,1,strip,strip
651,pure_int,1,strip,strip
652,pure_int,1,strip,strip
6586,pure_int,1,strip,strip
662,pure_int,1,strip,strip
665,pure_int,1,strip,strip
66718,pure_int,1,strip,strip
66720,pure_int,1,strip,strip
67.6fo,word_embedded,1,strip,strip
6703,pure_int,1,strip,strip
68,pure_int,1,strip,strip
6800,pure_int,1,strip,strip
680g,num_unit,1,strip,strip
696,pure_int,1,strip,strip
69907,pure_int,1,strip,strip
69fl.oz,word_embedded,1,strip,strip
6bl,word_embedded,1,strip,strip
6bt,word_embedded,1,strip,strip
6fl.oz,word_embedded,1,strip,strip
6fr1103,word_embedded,1,strip,strip
6pk32oz,word_embedded,1,strip,strip
6pz.,word_embedded,1,strip,strip
6th.,word_embedded,1,strip,strip
6x1.5pet,multiplier,1,strip,strip
6x12,multiplier,1,strip,strip
6x150,multiplier,1,strip,strip
6x1500ml,multiplier,1,strip,strip
6x17.,multiplier,1,strip,strip
6x222ml,multiplier,1,strip,strip
6x240ml,multiplier,1,strip,strip
6x25,multiplier,1,strip,strip
6x25cl,multiplier,1,strip,strip
6x300,multiplier,1,strip,strip
6x432g,multiplier,1,strip,strip
6x4pack,multiplier,1,strip,strip
6x4x,multiplier,1,strip,strip
6x60,multiplier,1,strip,strip
6x600,multiplier,1,strip,strip
6x600ml,multiplier,1,strip,strip
6x60cl,multiplier,1,strip,strip
6x70cl,multiplier,1,strip,strip
6x750,multiplier,1,strip,strip
6xolvi,word_embedded,1,strip,strip
7.,other,1,strip,strip
7.07,decimal,1,strip,strip
7.2,decimal,1,strip,strip
7.5g,num_unit,1,strip,strip
7.5gr,num_unit,1,strip,strip
7.9,decimal,1,strip,strip
70025,pure_int,1,strip,strip
70027,pure_int,1,strip,strip
701243012330,pure_int,1,strip,strip
702100,pure_int,1,strip,strip
70mlx30pouches,word_embedded,1,strip,strip
724,pure_int,1,strip,strip
725,pure_int,1,strip,strip
7264,pure_int,1,strip,strip
72x0.,multiplier,1,strip,strip
730g,num_unit,1,strip,strip
75...,other,1,strip,strip
750mlx12,word_embedded,1,strip,strip
75p,word_embedded,1,strip,strip
79,pure_int,1,strip,strip
794,pure_int,1,strip,strip
794546,pure_int,1,strip,strip
7er,word_embedded,1,strip,strip
7fl.oz,word_embedded,1,strip,strip
7lbs,num_unit,1,strip,strip
8.11fl.oz,word_embedded,1,strip,strip
8.12,decimal,1,strip,strip
8.46,decimal,1,strip,strip
80000,pure_int,1,strip,strip
8038,pure_int,1,strip,strip
81584,pure_int,1,strip,strip
82,pure_int,1,strip,strip
83,pure_int,1,strip,strip
83426,pure_int,1,strip,strip
8518,pure_int,1,strip,strip
85mg,num_unit,1,strip,strip
85p,word_embedded,1,strip,strip
86,pure_int,1,strip,strip
8680050690035,pure_int,1,strip,strip
8681259700365,pure_int,1,strip,strip
8690,pure_int,1,strip,strip
87.5,decimal,1,strip,strip
888903201021,pure_int,1,strip,strip
8g,num_unit,1,strip,strip
8s,word_embedded,1,strip,strip
8x1,multiplier,1,strip,strip
8x100cl,multiplier,1,strip,strip
8x1l,multiplier,1,strip,strip
8x20,multiplier,1,strip,strip
8x200ml,multiplier,1,strip,strip
8x250ml,multiplier,1,strip,strip
8x26g,multiplier,1,strip,strip
8x355ml,multiplier,1,strip,strip
8x4x,multiplier,1,strip,strip
8x750ml,multiplier,1,strip,strip
8x75cl,multiplier,1,strip,strip
9.,other,1,strip,strip
9.29,decimal,1,strip,strip
9.3,decimal,1,strip,strip
9.4,decimal,1,strip,strip
9.8,decimal,1,strip,strip
9076304,pure_int,1,strip,strip
907g,num_unit,1,strip,strip
90mg,num_unit,1,strip,strip
91017,pure_int,1,strip,strip
95mg,num_unit,1,strip,strip
96x0.,multiplier,1,strip,strip
9765,pure_int,1,strip,strip
98,pure_int,1,strip,strip
99.00,decimal,1,strip,strip
99.3,decimal,1,strip,strip
99.7,decimal,1,strip,strip
990,pure_int,1,strip,strip
9gr,num_unit,1,strip,strip
9pk,num_unit,1,strip,strip
9x0.,multiplier,1,strip,strip
9x250ml,multiplier,1,strip,strip
9x50,multiplier,1,strip,strip
a0103912,word_embedded,1,strip,strip
ab1104,word_embedded,1,strip,strip
ab1112,word_embedded,1,strip,strip
activeo2,word_embedded,1,strip,strip
americanfood4u,word_embedded,1,strip,strip
apfelsaft250,word_embedded,1,strip,strip
appelsiinimehutiiv1,word_embedded,1,strip,strip
appelsiinitaysmehu100,word_embedded,1,strip,strip
aquacareh2o,word_embedded,1,strip,strip
arc070s0arww,word_embedded,1,keep_name,keep_name
aronia275,word_embedded,1,strip,strip
b13,word_embedded,1,keep_nutrient,keep_nutrient
b450,word_embedded,1,keep_nutrient,keep_nutrient
b455,word_embedded,1,keep_nutrient,keep_nutrient
b477,word_embedded,1,keep_nutrient,keep_nutrient
b6.,word_embedded,1,strip,strip
b7,word_embedded,1,keep_nutrient,keep_nutrient
bg14308,word_embedded,1,strip,strip
bg14980,word_embedded,1,strip,strip
bio12x0.,word_embedded,1,strip,strip
bosbessen27x250,word_embedded,1,keep_name,keep_name
bottle44,word_embedded,1,strip,strip
bouteille1l,word_embedded,1,strip,strip
bouteille900ml,word_embedded,1,strip,strip
burst850ml,word_embedded,1,strip,strip
c2max,word_embedded,1,strip,strip
c4,word_embedded,1,strip,strip
case2,word_embedded,1,strip,strip
cay1,word_embedded,1,strip,strip
cbt4418,word_embedded,1,strip,strip
chinotto1,word_embedded,1,strip,strip
cl.17.5,other,1,strip,strip
cl.18,other,1,strip,strip
cl.33,other,1,strip,strip
cl12,word_embedded,1,strip,strip
clean100mg,word_embedded,1,strip,strip
cmplx6,word_embedded,1,strip,strip
cranberry1l,word_embedded,1,strip,strip
d3,word_embedded,1,strip,strip
daylesfordnch43paule39,word_embedded,1,keep_name,keep_name
de50cl,word_embedded,1,strip,strip
de70cl,word_embedded,1,strip,strip
drnk330ml,word_embedded,1,strip,strip
du20,word_embedded,1,strip,strip
du20with,word_embedded,1,strip,strip
dvg1847,word_embedded,1,strip,strip
e224,word_embedded,1,strip,strip
each.2,other,1,strip,strip
eel17ameu01,word_embedded,1,keep_name,keep_name
energy7,word_embedded,1,strip,strip
enervit10,word_embedded,1,strip,strip
fellow123,word_embedded,1,strip,strip
filtration16.,word_embedded,1,strip,strip
fr1100,word_embedded,1,strip,strip
fr1101,word_embedded,1,strip,strip
fr1102,word_embedded,1,strip,strip
fr1107,word_embedded,1,strip,strip
fr1109,word_embedded,1,strip,strip
frenormjod1emcoliver,word_embedded,1,keep_name,keep_name
fs249,word_embedded,1,strip,strip
fs251,word_embedded,1,strip,strip
gewurzen275,word_embedded,1,strip,strip
gluten750ml,word_embedded,1,strip,strip
gp27,word_embedded,1,strip,strip
gp2715,word_embedded,1,strip,strip
gp27with,word_embedded,1,strip,strip
h2coco,word_embedded,1,keep_brand,keep_brand
h307,word_embedded,1,strip,strip
hepar6,word_embedded,1,strip,strip
hollerstrauchsaft250,word_embedded,1,strip,strip
holunderblute275,word_embedded,1,strip,strip
honig750,word_embedded,1,strip,strip
hyjf88,word_embedded,1,strip,strip
id3977,word_embedded,1,strip,strip
inc.1.50,other,1,strip,strip
incl.0.32,other,1,strip,strip
isl1705,word_embedded,1,strip,strip
isl4418,word_embedded,1,strip,strip
jgd00703,word_embedded,1,strip,strip
js450,word_embedded,1,strip,strip
jw12,word_embedded,1,strip,strip
karotten250,word_embedded,1,strip,strip
khch00382107,word_embedded,1,strip,strip
kombucha500,word_embedded,1,strip,strip
krc1705,word_embedded,1,strip,strip
l8,word_embedded,1,strip,strip
latte330,word_embedded,1,strip,strip
litrex12,word_embedded,1,strip,strip
ls12,word_embedded,1,strip,strip
lt.1,other,1,strip,strip
lt1,word_embedded,1,strip,strip
m024283ew,word_embedded,1,strip,strip
m024861ew,word_embedded,1,strip,strip
mandari.8x50,word_embedded,1,keep_name,keep_name
maple3,word_embedded,1,strip,strip
ml1000,word_embedded,1,strip,strip
mlx12,word_embedded,1,strip,strip
mrk1847,word_embedded,1,strip,strip
mrk8721,word_embedded,1,strip,strip
mustikkakeitto1kg,word_embedded,1,strip,strip
naturalia1l,word_embedded,1,strip,strip
ncf36121,word_embedded,1,strip,strip
nfc3,word_embedded,1,strip,strip
nle100585,word_embedded,1,strip,strip
no.2,product_number,1,strip,strip
no.5,product_number,1,strip,strip
no13,word_embedded,1,strip,strip
o2life,word_embedded,1,keep_brand,keep_brand
o3,word_embedded,1,strip,strip
of12,word_embedded,1,strip,strip
omenamehutiiviste1,word_embedded,1,strip,strip
omenataysmehu100,word_embedded,1,strip,strip
orange1.,word_embedded,1,strip,strip
orange75cl,word_embedded,1,strip,strip
p3010,word_embedded,1,strip,strip
pack12,word_embedded,1,strip,strip
pet1.,word_embedded,1,strip,strip
pk24,word_embedded,1,strip,strip
pkx6,word_embedded,1,strip,strip
plate1,word_embedded,1,strip,strip
pm49p,word_embedded,1,strip,strip
pnapl25oz,word_embedded,1,strip,strip
protein20,word_embedded,1,strip,strip
pure6,word_embedded,1,strip,strip
q10,word_embedded,1,strip,strip
re32and,word_embedded,1,strip,strip
red14,word_embedded,1,strip,strip
red24,word_embedded,1,strip,strip
sanddorn250,word_embedded,1,strip,strip
sch4,word_embedded,1,strip,strip
se33,word_embedded,1,strip,strip
selleriesaft300,word_embedded,1,strip,strip
sgm1058,word_embedded,1,strip,strip
sgm3749,word_embedded,1,strip,strip
shot4x100ml...,word_embedded,1,keep_name,keep_name
so1,word_embedded,1,strip,strip
svu1705,word_embedded,1,strip,strip
svu4418,word_embedded,1,strip,strip
syrups750ml,word_embedded,1,strip,strip
t3,word_embedded,1,strip,strip
tango100,word_embedded,1,strip,strip
taste12,word_embedded,1,strip,strip
tde1001,word_embedded,1,strip,strip
tr6,word_embedded,1,strip,strip
traubensaft250,word_embedded,1,strip,strip
tray24,word_embedded,1,strip,strip
tylr8075017,word_embedded,1,strip,strip
tylr80823117,word_embedded,1,strip,strip
uliveto75,word_embedded,1,strip,strip
umf10,word_embedded,1,strip,strip
v0parentv3,word_embedded,1,strip,strip
v2,word_embedded,1,strip,strip
v8,word_embedded,1,strip,strip
vera12,word_embedded,1,strip,strip
verde1,word_embedded,1,strip,strip
verde330,word_embedded,1,strip,strip
vesimelonimehujuoma1l,word_embedded,1,strip,strip
virvoitusjuoma0.,word_embedded,1,strip,strip
water44,word_embedded,1,strip,strip
wcfrasp6,word_embedded,1,strip,strip
whole30,word_embedded,1,strip,strip
wic39923,word_embedded,1,strip,strip
worms12,word_embedded,1,strip,strip
x1,multiplier,1,strip,strip
x1l,multiplier,1,strip,strip
x20,multiplier,1,strip,strip
x250ml,multiplier,1,strip,strip
x2pcs,multiplier,1,strip,strip
x60,multiplier,1,strip,strip
xl10,word_embedded,1,strip,strip
ylt1705,word_embedded,1,strip,strip
ylt4418,word_embedded,1,strip,strip
yu4,word_embedded,1,strip,strip
