product_id,retailer,country,title,description,category_path,url,image_url,price,barcode,brand,category,attributes
1000875016,Trendyol,Turkey,cocoon disposable sour cherry flavored powder drink 50's - YLT4418-9283,,"[""""supermarket"""",""""food and beverage"""","""" still drinks""""]",https://www.trendyol.com/yilter/koza-tek-icimlik-visne-aromali-toz-icecek-50-li-ylt4418-9283-p-869259590,https://cdn.dsmcdn.com///ty1544/prod/QC/20240913/23/a11e49ef-d43a-393d-9410-a575befafa08/1_org_zoom.jpg,270.83,,Koza,Powder Concentrates,Count per Unit: 50; Juice Content: 0-2%; Pack Type: Carton/Box; Flavour: cherry; Concentrate Format: powder
1015058421,Walmart,USA,"Big Red Big Red Zero Cream Soda Soft Drink Bundled by ( Big Red Zero, 24 Pack 12 oz)",""""" Big Red Big Red Zero Cream Soda Soft Drink Bundled by ( Big Red Zero, 24 Pack 12 oz)"""" ; Flavor Cream Soda ; Container Type Can ; Brand Big Red","["""" Food"""","""" Beverages"""","""" Soda Pop"""","""" All Soda Pop""""]",https://www.walmart.com/ip/Big-Red-Big-Red-Zero-Cream-Soda-Soft-Drink-Bundled-by-Big-Red-Zero-24-Pack-12-oz/8090754113?classType=VARIANT,https://i5.walmartimages.com/seo/Big-Red-Big-Red-Zero-Cream-Soda-Soft-Drink-Bundled-by-Big-Red-Zero-24-Pack-12-oz_6fa941a4-7dbf-462a-9f79-f46f0c21a62b.70eeb1aacfc7d3eee8910c47de954dfc.jpeg,42.4,,Big Red,Other Non-Cola Carbonates,Juice Content: 0-2%; Volume: 355; Pack Type: Carton/Box
1017731321,Walmart,USA,"Pibb Xtra Cherry Soda - Stash ( Regular, Pack of (12) 12 Oz Cans)",""""" Pibb Xtra Cherry Soda - Stash ( Regular, Pack of (12) 12 Oz Cans)"""" ; Flavor Cherry ; Container Type Can ; Brand Unbranded","["""" Food"""","""" Beverages"""","""" Soda Pop"""","""" Cherry Soda""""]",https://www.walmart.com/ip/Pibb-Xtra-Cherry-Soda-Stash-Regular-Pack-of-12-12-Oz-Cans/7579173881?classType=VARIANT,https://i5.walmartimages.com/seo/Pibb-Xtra-Cherry-Soda-Stash-Regular-Pack-of-12-12-Oz-Cans_714bf2e1-9f57-4fff-a627-2db6984ded26.92af2148300e7c433feba26087df2729.jpeg,28.06,,Pibb,Other Non-Cola Carbonates,Pack Type: Carton/Box; Flavour: cherry; Juice Content: 0-2%; Volume: 355
1040940723,Walmart,USA,"HZJF """" Not As Hot"""" Ginger Ale 12- Ounce Glass Bottle ( Pack of 12)",""""" 
* Pack of twelve, 12-ounces per bottle (total of 144 ounces) 
* Bold and tantalizing flavor 
* Spicy ginger essence 
"""" ; Brand HZJF","["""" Food"""","""" Beverages"""","""" Soda Pop"""","""" Ginger ale""""]",https://www.walmart.com/ip/HZJF-Not-As-Hot-Ginger-Ale-12-Ounce-Glass-Bottle-Pack-of-12/15460502890?classType=REGULAR,https://i5.walmartimages.com/seo/HZJF-Not-As-Hot-Ginger-Ale-12-Ounce-Glass-Bottle-Pack-of-12_ffca022b-2d1d-4d79-bbb9-7ae953921d80.8aacb1e996e19c23ff6c421d21db0a6a.jpeg,42.38,,Blenheim,Tonic Water/Mixers/Other Bitters,Volume: 355; Carbonization: carbonated; Juice Content: 0-2%; Flavour: ginger; Immune Support Ingredients: ginger
1042280388,Walmart,USA,"Cock n Bull Ginger Beer 6 Pack 10oz Soda Bottles - Ideal Mixer for Cocktails, Mocktails, and Bartenders - Premium Quality for Perfect Mixed Drinks - Refreshing Flavor Profile- A",""""" 
* Ginger Beer: A bold, full flavor brewed for the mature palate. All-natural ingredients, real sugar, and ginger root extract give this English-style ginger beer its distinctive spicy fla-vor. A Ho","["""" Food"""","""" Beverages"""","""" Cocktail Mixers"""","""" Ginger Beer""""]",https://www.walmart.com/ip/Cock-n-Bull-Ginger-Beer-6-Pack-10oz-Soda-Bottles-Ideal-Mixer-Cocktails-Mocktails-Bartenders-Premium-Quality-Perfect-Mixed-Drinks-Refreshing-Flavor-Pr/8797204572?classType=undefined&variantFieldId=count_per_pack,https://i5.walmartimages.com/asr/3bd360c1-f250-4a33-b2e8-cd56773a7cbe.7223f2127ec46a4d851eb14557bd3f4d.png,21.98,810158580916,Cock N Bull,Tonic Water/Mixers/Other Bitters,Sweetener: sugar; Pack Type: Bottle; Naturally derived: natural; Flavour: ginger; Volume: 296; Immune Support Ingredients: ginger; Juice Content: 0-2%
116708383,amazon,USA,"Diet Jupina Pineapple Soda, 12oz Can ( Pack of 18, Total of 216 Oz)","Brand Jupina 
Item Form Liquid 
Flavor Pineapple 
Number of Items 18 
Package Information Can 
* * *
# About this item 
* Diet Jupina Pineapple Soda Can 
* 12oz Can ( Pack of 18, Total of 216 Oz) 
* *","["""" Grocery & Gourmet Food"""","""" Beverages"""","""" Bottled Beverages, Water & Drink Mixes"""","""" Soda Soft Drinks""""]",https://www.amazon.com/dp/B07NBJKP9Z,https://m.media-amazon.com/images/I/81rH51TeLUL._AC_UL320_.jpg,29.99,685987093339,Jupina,Other Non-Cola Carbonates,Volume: 355; Pack Type: Tin; Caffeine: 15-25 mg; Carbonization: still; Flavour: pineapple; Juice Content: 0-2%
116762461,Shopping24,Germany,vital house Aronia pure juice Bio (330 ml) - liquid - axisis gmbh,,"["""" beauty""""]",https://www.shopping24.de/products/vitalhaus-aronia-saft-pur-bio-330-ml-fluessigkeit-axisis-gmbh-1568002610,https://pics.shopping24.de/600x600/1428751694,6.12,,Vitalhaus,Not from Concentrate 100% Juice,Pack Type: Bottle; Pack Material Type: Glass; Volume: 330; Juice Content: 100%; Flavour: aronia; Made From: aronia berry; Sustainable Sourcing: organic; Carbonization: still
116835497,amazon,France,bigallet syrup chestnut fair trade organic 35cl,"since 1998, bigallet offers a range of syrups 100% organic, brewed by hand, and made with cane sugar fair trade.","["""" grocery"""","""" coffee, tea and drinks"""","""" syrups and concentrated juices""""]",https://www.amazon.fr/Bigallet-Sirop-Ch%C3%A2taigne-%C3%A9quitable-35cl/dp/B07FW3XLZ1/ref=sr_1_609?qid=1559312557&s=grocery&sr=1-609,https://images-eu.ssl-images-amazon.com/images/I/41u6L6DDlXL._AC_US200_.jpg,7.1,,Bigallet,Liquid Concentrates,"Flavour: chestnut; Volume: 350; Pack Type: Bottle; Juice Content: 0-2%; Sustainable Sourcing: fairtrade, organic; Sweetener: cane sugar; Pack Material Type: Glass"
118049674,Hemköp,Sweden,beetroot juice cold pressed,"cold pressed beetroot juice with apple and lemon from spain. shake before you drinking! refrigerated goods, stored at max + 7°C. opened packaging is stored in refrigerator, durable ca 2 days.","["""" all supplies"""","""" dairy, cheese & eggs"""","""" Juice, fruit drink & smoothie"""","""" chilled juice""""]",https://www.hemkop.se/produkt/R-101278238_ST,https://d2rfo6yapuixuu.cloudfront.net/hbe/h83/9343910772766/7340083466076_1548163563189_master_axfood_400,30.95,7340083466076,Garant,Not from Concentrate 100% Juice,"Flavour: beet; Volume: 750; Pack Type: Bottle; Juice Content: 100%; Pack Material Type: Plastic; Juice Features: cold press, smoothie; Made From: apple, lemon, beet; Carbonization: still"
124995218,Gittigidiyor,Turkey,"Poly pomegranate fruit puree, 1lt","pomegranate fruity cocktail porridge, 1lt","["""" home page"""",""""supermarket"""",""""drink"""","""" cocktail syrups""""]",https://urun.gittigidiyor.com/supermarket/poly-nar-meyve-puresi-1lt-415770047,https://mcdn01.gittigidiyor.net/41577/tn120/415770047_tn120_0.jpg,58.65,,Poly,Liquid Concentrates,Volume: 1000; Juice Content: 100%; Flavour: pomegranate; Pack Material Type: Plastic; Pack Type: Bottle
125243161,Gittigidiyor,Turkey,gusse sour cherry ( Cherry) flavored cocktail syrup 70 cl,"from ancient times beri sour cherry; Ortadogu'dan to europe stretching special has a place. sour cherry fruit of, in jams,turtalarda and raw loved. cherry wine, liquor and surubuda makes. gusse sour c","["""" home page"""",""""supermarket"""",""""drink"""","""" cocktail syrups""""]",https://www.gittigidiyor.com/supermarket/gusse-visne-cherry-aromali-kokteyl-surup-70-cl_pdp_412586301,https://mcdn01.gittigidiyor.net/41258/tn50/412586301_tn50_0.jpg,54.89,,Gusse,Liquid Concentrates,Pack Material Type: Glass; Pack Type: Bottle; Flavour: cherry; Volume: 700
145985719,amazon,USA,Carnation Breakfast Essentials Nutritional Drink ( Pack of 12),,"["""" Grocery & Gourmet Food"""","""" Beverages"""","""" Bottled Beverages, Water & Drink Mixes"""","""" Powdered Drink Mixes & Flavorings"""","""" Instant Breakfast Drinks""""]",https://www.amazon.com/Carnation-Breakfast-Essentials-Nutritional-Drink/dp/B07QMXVM1C/ref=sr_1_326?c=ts&keywords=Instant+Breakfast+Drinks&qid=1649922669&s=grocery&sr=1-326&ts_id=347684011,https://m.media-amazon.com/images/I/51UU8G0iYsL._AC_UL320_.jpg,91.93,,Carnation,Powder Concentrates,Pack Type: Carton/Box; Concentrate Format: powder; Pack Material Type: Paper / Carton; Juice Content: 0-2%
149311811,amazon,USA,Cock N Bull Soda Ginger Beer Diet 12 OZ ( Pack of 3),Cock N Bull Soda Ginger Beer Diet 12 OZ,"["""" Grocery & Gourmet Food"""","""" Beverages"""","""" Bottled Beverages, Water & Drink Mixes"""","""" Soft Drinks""""]",https://www.amazon.com/Cock-Bull-Soda-Ginger-Beer/dp/B07R1KWHJX/ref=sr_1_1339?qid=1577869585&s=grocery&sr=1-1339,https://images-na.ssl-images-amazon.com/images/I/31V5ZhdipFL.jpg,12.98,72924112138,Cock N Bull,Other Non-Cola Carbonates,Flavour: ginger; Volume: 355; Juice Content: 0-2%; Pack Type: Bottle
149880103,amazon,USA,Erbology Organic Aronia & Sea Buckthorn Juice - 250ml (8.79 fl oz),"250ml
Erbology
* Please not Best Before / Expiration UK is DD / MM / YYYY
8.79fl oz","["""" Grocery & Gourmet Food"""","""" Beverages"""","""" Bottled Beverages, Water & Drink Mixes""""]",https://www.amazon.com/Erbology-Organic-Aronia-Buckthorn-Juice/dp/B07QXQJ2H8/ref=sr_1_3147?qid=1557239497&s=grocery&sr=1-3147,https://m.media-amazon.com/images/I/311zk2H7RrL._AC_UL320_.jpg,28.29,,Erbology,Not from Concentrate 100% Juice,Pack Material Type: Glass; Sustainable Sourcing: organic; Flavour: aronia; Juice Content: 0-2%; Pack Type: Bottle; Volume: 250; Made From: aronia berry; Carbonization: still
159219108,amazon,United Kingdom,THIRSTY PLANET | Spring Water - Still | 16 x 330ml (UK),"Spring Water - Still
Vegan","["""" Grocery"""","""" Drinks"""","""" Water""""]",https://www.amazon.co.uk/THIRSTY-PLANET-Spring-Water-Still/dp/B07JBCBTJR/ref=sr_1_2056?qid=1559387370&s=grocery&sr=1-2056,https://m.media-amazon.com/images/I/31yJz85xIiL._AC_UL320_.jpg,15.4,,Thirsty Planet,Still Bottled Water,Juice Content: 0-2%; Water Type: spring; Pack Type: Bottle; Geographic Origin: united kingdom; Volume: 330; Carbonization: still
159578391,amazon,United Kingdom,KA Sparkling Pineapple Flavour Drink 2 Litre ( Pack of 6 x 2ltr),"Price Marked £1.69
Storage Type: Ambient
Pack Type: Plastic Bottle","["""" Grocery"""","""" Drinks"""","""" Fizzy Drinks""""]",https://www.amazon.co.uk/KA-Sparkling-Pineapple-Flavour-Drink/dp/B00OD0GCN2/ref=sr_1_1259?qid=1580116854&s=grocery&sr=1-1259,https://m.media-amazon.com/images/I/41NafZ39EjL._AC_UL320_.jpg,18.5,,KA,Other Non-Cola Carbonates,"Juice Content: 0-2%; Pack Material Type: Plastic; Volume: 2000; Pack Type: Bottle; Carbonization: carbonated, sparkling; Flavour: pineapple"
159870095,amazon,United Kingdom,KA Sparkling Karibbean Kola Flavour Drink 2 Litre Case of 6,"Fizzy Drink
Perfect accompaniment to a healthy diet
Price Marked £1.69","["""" Grocery"""","""" Drinks"""","""" Fizzy Drinks""""]",https://www.amazon.co.uk/KA-Sparkling-Karibbean-Flavour-Drink/dp/B00N67DIQC/ref=sr_1_1736?qid=1584347180&s=grocery&sr=1-1736,https://images-na.ssl-images-amazon.com/images/I/41IbX185UpL.jpg,23,,KA,Other Non-Cola Carbonates,"Volume: 2000; Pack Type: Bottle; Carbonization: carbonated, sparkling; Pack Material Type: Plastic; Juice Content: 0-2%"
160613629,amazon,United Kingdom,Mr Fitzpatrick's Lime and Lemongrass Cordial - Temperance Cordial - (3 x 500ml Bottles),"ADD A LITTLE ZING TO YOUR LIFE. OUR LIME & LEMONGRASS IS A FABULOUS FUSION OF FLAVOURS, BLENDED TO PRODUCE A REFRESHING CITRUS SENSATION. SHARP ENOUGH TO AWAKEN YOUR SENSES, LIGHT ENOUGH TO REFRESH YO","["""" Grocery"""","""" Drinks"""","""" Squash & Cordials""""]",https://www.amazon.co.uk/Fitzpatricks-Lime-Lemongrass-Cordial-Temperance/dp/B07V6JLHLQ/ref=sr_1_285?dchild=1&qid=1589187760&s=grocery&sr=1-285,https://m.media-amazon.com/images/I/41gDcFK0riL._AC_UL320_.jpg,24.99,,Mr. Fitzpatrick's,Liquid Concentrates,Pack Material Type: Glass; Pack Type: Bottle; Juice Content: 0-2%; Volume: 500; Flavour: lime
160935545,Shopping24,Germany,Power Bar Electrolyte Drink 1l Sour Cherry 2019 mineral drinks,"* for whom: children 
* delivery time: 1 day 
taste: sweet; product type: drink / syrup; nutritional form: low in sugar, lactose free, gluten free; ingredients: vitamins / minerals; deployment time: d","["""" beauty""""]",https://www.shopping24.de/products/powerbar-electrolyte-drink-1l-sour-cherry-2019-mineraldrinks-1664122680,https://pics.shopping24.de/2000x2000/1544124008,15.99,,PowerBar,Sports Drinks,"Pack Type: Bottle; Pack Material Type: Metal; Contains Minerals: magnesium; No Artificial Ingredients: no aspartame; Flavour: cherry; Juice Content: 0-2%; Volume: 1000; Naturally derived: natural flavours; Free From: lactose free; Sports Ingredients: electrolytes; Health Claims: low sugar, low calories, good source of minerals, high protein"
165357510,amazon,United Kingdom,Mighty Brew | Organic Kombucha - Lemongass 275ML | 8 x 275ml (UK),",","["""" Grocery"""","""" Food Cupboard"""","""" Rice, Pasta & Pulses""""]",https://www.amazon.co.uk/Mighty-Brew-Organic-Kombucha-Lemongass/dp/B084G76HN4/ref=sr_1_3140?qid=1580812147&s=grocery&sr=1-3140,https://m.media-amazon.com/images/I/51ocuGA634L._AC_UL320_.jpg,28.62,,Mighty Brew,Carbonated RTD Tea and Kombucha,Geographic Origin: united kingdom; Juice Content: 0-2%; Volume: 275; Pack Type: Bottle; Sustainable Sourcing: organic; Pack Material Type: Glass
166594923,amazon,USA,C & C Strawberry Soda 12 Oz (48 Pack),"forty eight 12 ounce cans
strawberry flavor","["""" Grocery & Gourmet Food"""","""" Beverages"""","""" Bottled Beverages, Water & Drink Mixes"""","""" Soft Drinks""""]",https://www.amazon.com/Strawberry-Soda-12-Oz-Pack/dp/B07T1FBBCK/ref=sr_1_3427?dchild=1&qid=1588840710&s=grocery&sr=1-3427,https://m.media-amazon.com/images/I/610D64DoqKL._AC_UL320_.jpg,59.99,41699120914,C & C,Other Non-Cola Carbonates,Pack Material Type: Paper / Carton; Volume: 355; Juice Content: 0-2%; Flavour: strawberry
187433334,Gittigidiyor,Turkey,lonely turnip juice 1 lt (spicy )12 pieces,,"["""" home page"""",""""supermarket"""",""""drink"""",""""daily drinks""""]",https://urun.gittigidiyor.com/supermarket/gunseven-salgam-suyu-1-lt-acili-12-adet-471387543,https://mcdn01.gittigidiyor.net/47008/tn120/470084218_tn120_0.jpg,49.9,,Günseven,Nectars,Juice Content: 0-2%; Volume: 1000; Pack Material Type: Plastic; Made From: turnip; Pack Type: Bottle; Carbonization: still
190667741,amazon,USA,"Thick- It Aqua CareH2O Thickened Beverage 8 oz. Bottle Apple Flavor Ready to Use Nectar Consistency, B455-L9044 - Sold by: Pack of One",,"["""" Grocery & Gourmet Food"""","""" Beverages"""","""" Bottled Beverages, Water & Drink Mixes"""","""" Juices""""]",https://www.amazon.com/Thick-AquaCareH2O-Thickened-Consistency-B455-L9044/dp/B07WZPV4X1/ref=sr_1_4243?qid=1585473546&s=grocery&sr=1-4243,https://m.media-amazon.com/images/I/41XawCiVkQL._AC_UL320_.jpg,9.99,696850027054,Thick- It,Juice Drinks (up to 24% Juice),Volume: 237; Pack Type: Bottle; Pack Material Type: Plastic; Carbonization: still; Juice Content: 0-2%; Flavour: apple; Made From: apple
193511634,amazon,France,Juliet bottle apple juice 33 g,,"["""" all stores"""","""" grocery"""","""" coffee, tea and drinks"""","""" juice"""","""" juice""""]",https://www.amazon.fr/dp/B07V5HL87L,https://m.media-amazon.com/images/I/71E69g-XM9L._AC_UL320_.jpg,2.67,,Juliet,Not from Concentrate 100% Juice,Pack Material Type: Glass; Volume: 330; Carbonization: still; Juice Content: 0-2%; Flavour: apple; Made From: apple; Pack Type: Bottle
199572433,amazon,USA,Frostie Soda Root Beer Diet Glass - 12 oz ( Pack of 1),Frostie Soda Root Beer Diet Glass - 12 oz,"["""" Grocery & Gourmet Food"""","""" Beverages"""","""" Bottled Beverages, Water & Drink Mixes"""","""" Soft Drinks""""]",https://www.amazon.com/Frostie-Soda-Root-Beer-Glass/dp/B07TJWX837/ref=sr_1_3861?qid=1571313750&s=grocery&sr=1-3861,https://images-na.ssl-images-amazon.com/images/I/41-EXRilTaL.jpg,3.89,793674870030,Frostie,Other Non-Cola Carbonates,Pack Type: Bottle; Pack Material Type: Glass; Juice Content: 0-2%; Volume: 355
199835405,amazon,France,mill of valdonne - syrup Orgeat - the 750 ml bottle - set of 4 - fast delivery in france - price per lot,"syrup
mill of valdonne
syrup Orgeat
the 750 ml bottle","["""" grocery"""","""" coffee, tea and drinks"""","""" syrups and concentrated juices""""]",https://www.amazon.fr/Moulin-Valdonne-Orgeat-Bouteille-Livraison/dp/B07XSDNYGS/ref=sr_1_1300?qid=1571294152&s=grocery&sr=1-1300,https://m.media-amazon.com/images/I/31yHqc+14-L._AC_UL320_ML1_.jpg,32,,Moulin de Valdonne,Liquid Concentrates,Pack Material Type: Glass; Volume: 750; Pack Type: Bottle; Juice Content: 0-2%
208401833,Gittigidiyor,Turkey,sour cherry porridge 1000 gr,,"["""" home page"""",""""supermarket"""",""""drink"""","""" coffee""""]",https://urun.gittigidiyor.com/supermarket/visne-puresi-1000-gr-490513321,https://mcdn01.gittigidiyor.net/49002/tn120/490028049_tn120_0.jpg,44.9,,Oze,Liquid Concentrates,Pack Type: Bottle; Flavour: cherry; Juice Content: 0-2%; Weight: 1000; Pack Material Type: Plastic
210057699,amazon,USA,"Possmei Bubble Tea Mix Instant Powder, Almond, 2.2 Pound by Possmei","Possmei Bubble Tea Mix Instant Powder, Almond, 2.2 Pound
2.2 Pound","["""" Baby Products"""","""" Feeding"""","""" Baby Foods""""]",https://www.amazon.com/Possmei-Bubble-Instant-Powder-Almond/dp/B0199AZV46/ref=sr_1_9297?qid=1573809715&s=baby-products&sr=1-9297,https://m.media-amazon.com/images/I/51a8QRVGmKL._AC_UL320_ML3_.jpg,34.07,786173938622,Possmei,Powder Concentrates,"Weight: 998; Concentrate Format: powder; Flavour: almond, tea; Juice Content: 0-2%; Pack Type: Pouch; Pack Material Type: Flexible Pack"
211211209,amazon,France,mill of valdonne lemon 70cl (set of 6),,"["""" coffee, tea and drinks"""","""" syrups and concentrates for drinks""""]",https://www.amazon.fr/Moulin-Valdonne-Citron-70cl-lot/dp/B07ZC78CHG/ref=sr_1_2045?qid=1673529546&s=grocery&sr=1-2045,https://m.media-amazon.com/images/I/51wj7bsp0xS._AC_UL320_.jpg,24.92,,Moulin de Valdonne,Liquid Concentrates,Volume: 700; Pack Material Type: Glass; Pack Type: Bottle; Juice Content: 0-2%; Flavour: lemon
214726644,amazon,USA,"Miracle, noodle, 7 Oz","gourmet root beer sweetened with raw honey
specher root beer from their milwaukee facility
fire brewed root beer specher's","["""" Grocery & Gourmet Food"""","""" Beverages"""","""" Bottled Beverages, Water & Drink Mixes"""","""" Soda Soft Drinks""""]",https://www.amazon.com/Sprecher-Fire-Brewed-Root-Beer/dp/B005ECYZAA/ref=sr_1_5318?c=ts&keywords=Soda+Soft+Drinks&qid=1707017432&s=grocery&sr=1-5318&ts_id=16318231,https://m.media-amazon.com/images/I/81-ETKqsYPL._AC_UL320_.jpg,71.81,45243000301,Sprecher,Other Non-Cola Carbonates,Pack Type: Bottle; Pack Material Type: Glass; Juice Content: 0-2%
216501448,amazon,United Kingdom,"KA Caribbean Sparkling Black Grape Soda Flavoured Drink, Authentic Jamaican Recipes - 1 x 330ml Can",,"["""" Any Department"""","""" Grocery"""","""" Drinks"""","""" Fizzy Drinks""""]",https://www.amazon.co.uk/dp/B00LQQ8NZQ,https://m.media-amazon.com/images/I/51CIHcufW1L._AC_UL320_.jpg,0.55,,K A,Other Non-Cola Carbonates,"Volume: 330; Juice Content: 0-2%; Pack Type: Can; Flavour: grape; Carbonization: carbonated, sparkling"
229516012,amazon,France,O natur - pure juice D' pineapple of benign 75 cl organic - set of 3 - fast delivery in france - price per lot,"* drinks 
* juice, vegetable juice 
* juice classics 
* O natur 
* pure juice D' pineapple of benign 75 cl organic 
,","["""" grocery"""","""" coffee, tea and drinks"""","""" coffee, tea and hot chocolate"""","""" tea and infusions""""]",https://www.amazon.fr/Natur-DAnanas-Livraison-Rapide-France/dp/B082T4Q9XN/ref=sr_1_5465?qid=1584430611&s=grocery&sr=1-5465,https://m.media-amazon.com/images/I/51NtoSZpG2L._AC_UL320_ML3_.jpg,41.46,,Natur pur,Not from Concentrate 100% Juice,Juice Content: 100%; Pack Type: Bottle; Made From: pineapple; Sustainable Sourcing: organic; Pack Material Type: Glass; Flavour: pineapple; Volume: 750; Geographic Origin: france; Carbonization: still
25108453,jet.com,USA,Dr. Browns Diet Black Cherry 12 oz Cans ( Pack of 24),,"[""""grocery"""",""""beverages"""",""""soft-drinks""""]",https://jet.com/product/product/694e3e7368e54207bfa6b53b782a4688,https://images.jet.com/md5/1a970396acc334c8fbf7aceb941b1ccb,27.88,,Dr Brown's,Other Non-Cola Carbonates,Volume: 355; Pack Type: Can; Juice Content: 0-2%; Flavour: cherry; Pack Material Type: Metal
251506213,amazon,United Kingdom,Ugly Drinks | Lemon & Lime Flavoured Sparkling Water | 14 x 330ml (UK),"* Lemon & Lime Flavoured Sparkling Water 
* Known Barcodes: 799439194625, 799439194632 
› See more product details , 
## Product description 
Ugly Drinks | Lemon & Lime Flavoured Sparkling Water | 14 ","["""" Grocery"""","""" Drinks"""","""" Water""""]",https://www.amazon.co.uk/Ugly-Drinks-Lemon-Flavoured-Sparkling/dp/B084G7F7S4/ref=sr_1_1533?qid=1583750438&s=grocery&sr=1-1533,https://m.media-amazon.com/images/I/41tve7KuwyL._AC_UL320_ML3_.jpg,22.84,,Ugly,Sparkling Flavoured Bottled Water,"Carbonization: sparkling; Geographic Origin: united kingdom; Water Type: flavoured; Caffeine: 15-25 mg; Pack Material Type: Metal; Flavour: lime, lemon; Volume: 330; Juice Content: 0-2%; Pack Type: Can"
251592610,amazon,United Kingdom,Aqua Esse | Damask Rose Aromatic Water 330ml | 5 x 330ml (UK),",","["""" Grocery"""","""" Drinks"""","""" Water""""]",https://www.amazon.co.uk/dp/B084G7NB2X/ref=sr_1_1436?qid=1580807514&s=grocery&sr=1-1436,https://images-na.ssl-images-amazon.com/images/I/61dHu4dffRL._AC_SL1500_.jpg,18.15,,Aqua Esse,Still Flavoured Bottled Water,Pack Type: Bottle; Volume: 330; Carbonization: still; Flavour: rose; Pack Material Type: Glass; Geographic Origin: united kingdom; Juice Content: 0-2%
251621253,amazon,United Kingdom,Aqua Pacific | Artesian Mineral Water | 19 x 600ml (UK),"* Artesian Mineral Water 
› See more product details , 
## Product description 
Aqua Pacific | Artesian Mineral Water | 19 x 600ml 
See manufacturer's website for up to date ingredients and / or conte","["""" Grocery"""","""" Drinks"""","""" Water""""]",https://www.amazon.co.uk/Aqua-Pacific-Artesian-Mineral-Water/dp/B084G7L3S1/ref=sr_1_1516?_encoding=UTF8&c=ts&dchild=1&keywords=Water&qid=1606382522&s=grocery&sr=1-1516&ts_id=359916031,https://m.media-amazon.com/images/I/31bilFQd4-L._AC_UL320_.jpg,34.19,,Aqua Pacific,Still Bottled Water,"Caffeine: 15-25 mg; Carbonization: still; Juice Content: 0-2%; Pack Type: Bottle; Water Type: mineral, artesian; Pack Material Type: Plastic; Volume: 600; Geographic Origin: united kingdom"
251631676,amazon,United Kingdom,Pip Organic | Strawberry & Blackcurrant | 5 x 4 x180ml (UK),"* Strawberry & Blackcurrant 
* Vegan 
* Organic 
* Known Barcodes: 5060218974222, 5060218976226 
› See more product details , 
## Product description 
Pip Organic | Strawberry & Blackcurrant | 5 x 4 X","["""" Grocery"""","""" Drinks"""","""" Juice & Smoothies""""]",https://www.amazon.co.uk/Pip-Organic-Strawberry-Blackcurrant-x180ml/dp/B084G7Z3DT/ref=sr_1_2072?brr=1&dchild=1&qid=1606382642&rd=1&s=grocery&sr=1-2072,https://m.media-amazon.com/images/I/51xUoqUgAML._AC_UL320_ML3_.jpg,35.36,,Pip Organic,Not from Concentrate 100% Juice,"Juice Features: smoothie; Geographic Origin: united kingdom; Pack Material Type: Paper / Carton; Caffeine: 15-25 mg; Pack Type: Carton/Box; Made From: strawberry, blackcurrant, apple; Sustainable Sourcing: organic; Volume: 180; Carbonization: still; Juice Content: 100%; Flavour: strawberry, blackcurrant"
251694841,amazon,United Kingdom,Ugly Drinks | Tropical Flavoured Sparkling Water | 23 x 330ml (UK),"* Tropical Flavoured Sparkling Water 
* Known Barcodes: 799439196636, 799439196643 
› See more product details , 
## Product description 
Ugly Drinks | Tropical Flavoured Sparkling Water | 23 x 330ml ","["""" Grocery"""","""" Drinks"""","""" Water""""]",https://www.amazon.co.uk/Ugly-Drinks-Tropical-Flavoured-Sparkling/dp/B084G7WBRR/ref=sr_1_621?dchild=1&qid=1586425026&s=grocery&sr=1-621,https://m.media-amazon.com/images/I/41ZsWaT4QvL._AC_UL320_ML3_.jpg,33.69,,Ugly,Carbonated Bottled Water,Juice Content: 0-2%; Carbonization: sparkling; Water Type: flavoured; Pack Material Type: Metal; Volume: 330; Geographic Origin: united kingdom; Pack Type: Can; Caffeine: 15-25 mg
251756100,amazon,United Kingdom,Thirsty Planet | Spring Water - Still | 11 x 330ml (UK),"* Spring Water - Still 
* Vegan 
* Known Barcodes: 5060146710077, 5060146711135 
› See more product details , 
## Product description 
Thirsty Planet | Spring Water - Still | 11 x 330ml 
This product ","["""" Any Department"""","""" Grocery"""","""" Drinks"""","""" Water""""]",https://www.amazon.co.uk/dp/B084G7PVCR,https://m.media-amazon.com/images/I/31ZHk1LFasL._AC_UL320_.jpg,20.07,,Thirsty Planet,Still Bottled Water,Carbonization: still; Geographic Origin: united kingdom; Caffeine: 15-25 mg; Volume: 330; Water Type: spring; Juice Content: 0-2%; Pack Type: Bottle
290780600,Gittigidiyor,Turkey,ERZINCAN KIZILAY mineral water watermelon with strawberry 24x200 ml free korgo,,"["""" home page"""",""""supermarket"""",""""drink"""","""" carbonated drinks""""]",https://www.gittigidiyor.com/supermarket/erzincan-kizilay-maden-suyu-karpuz-cilekli-24x200-ml-ucretsiz-korgo_pdp_562300606,https://mcdn01.gittigidiyor.net/56230/tn50/562300606_tn50_0.jpg,79.75,,Kizilay,Sparkling Flavoured Bottled Water,"Pack Type: Bottle; Flavour: strawberry, watermelon; Juice Content: 0-2%; Water Type: mineral; Pack Material Type: Glass; Carbonization: carbonated; Volume: 200"
300302244,amazon,USA,Cactus Cooler Orange Pineapple 24 pack,",","["""" Grocery & Gourmet Food"""","""" Beverages"""","""" Bottled Beverages, Water & Drink Mixes"""","""" Soda Soft Drinks""""]",https://www.amazon.com/Cactus-Cooler-Orange-Pineapple-pack/dp/B08BND9D9G/ref=sr_1_3787?c=ts&keywords=Soda+Soft+Drinks&qid=1657352160&s=grocery&sr=1-3787&ts_id=16318231,https://m.media-amazon.com/images/I/71rHmyFuAWL._AC_UL320_.jpg,79.99,78000011609,Cactus Cooler,Other Non-Cola Carbonates,"Pack Material Type: Flexible Pack; Flavour: pineapple, orange, cactus; Juice Content: 0-2%; Pack Type: Bag/Packet"
308049674,amazon,USA,Niagara Purified Drinking Water Pallet (84 cases) - Lift Gate Required - Delivery To - Indiana - ( Must Select Correct State For Delivery & Please Choose Lift Gate Option),"* PLEASE SELECT YOUR STATE FOR DELIVERY FROM SIZE DROP DOWN. FAILURE TO SELECT THE CORRECT STATE MAY RESULT IN ORDER CANCELLATION. THANK YOU! 
* Please use the Color option to indicate if a Lift Gate ","["""" Grocery & Gourmet Food"""","""" Beverages"""","""" Bottled Beverages, Water & Drink Mixes"""","""" Drinking Water""""]",https://www.amazon.com/Niagara-Purified-Drinking-Water-Pallet/dp/B08BW31G7B/ref=sr_1_510?c=ts&keywords=Drinking+Water&qid=1650614337&s=grocery&sr=1-510&ts_id=16318651,https://m.media-amazon.com/images/I/51wsWj1CTaL._AC_UL320_.jpg,507.36,,Niagara,Still Bottled Water,Health Claims: hydrating; Juice Content: 0-2%; Water Type: purified; Carbonization: still; Pack Material Type: Paper / Carton; Sustainable Packaging: can be recycled
308130421,amazon,USA,Niagara Purified Drinking Water Pallet (84 cases) - Delivery To - New York - ( Must Select Correct State For Delivery & Please Choose Lift Gate Option),"* PLEASE SELECT YOUR STATE FOR DELIVERY FROM SIZE DROP DOWN. FAILURE TO SELECT THE CORRECT STATE MAY RESULT IN ORDER CANCELLATION. THANK YOU! 
* Please use the Color option to indicate if a Lift Gate ","["""" Grocery & Gourmet Food"""","""" Beverages"""","""" Bottled Beverages, Water & Drink Mixes"""","""" Drinking Water""""]",https://www.amazon.com/Niagara-Purified-Drinking-Water-Pallet/dp/B089579XKZ/ref=sr_1_356?c=ts&keywords=Drinking+Water&qid=1650614329&s=grocery&sr=1-356&ts_id=16318651,https://m.media-amazon.com/images/I/51wsWj1CTaL._AC_UL320_.jpg,775.5,,Niagara,Still Bottled Water,Health Claims: hydrating; Pack Material Type: Paper / Carton; Carbonization: still; Geographic Origin: united states; Water Type: purified; Juice Content: 0-2%; Sustainable Packaging: can be recycled
309236235,amazon,France,mont roucous - natural mineral water 12x25 Cl - sold by unit,"* drinks 
* waters 
* still waters 
* mont roucous 
* natural mineral water 12x25 Cl 
, 
## product description 
natural mineral water mont roucous. 
, 
natural mineral water mont roucous.","["""" grocery"""","""" coffee, tea and drinks"""","""" waters""""]",https://www.amazon.fr/gp/slredirect/picassoRedirect.html/ref=pa_sp_atf_next_grocery_sr_pg7_1?ie=UTF8&adId=A08448812RCLKBFQ190FW&url=%2FMONT-ROUCOUS-Min%25C3%25A9rale-Naturelle-12X25Cl%2Fdp%2FB082VB4L5X%2Fref%3Dsr_1_145_sspa%3Fc%3Dts%26keywords%3DEaux%26qid%3D1651238638%26s%3Dgrocery%26sr%3D1-145-spons%26ts_id%3D6357093031%26psc%3D1&qualifier=1651238638&id=1334654285626391&widgetName=sp_atf_next,https://m.media-amazon.com/images/I/415PgNeq-VL._AC_UL320_.jpg,31.86,,Mont Roucous,Still Bottled Water,"Juice Content: 0-2%; Pack Material Type: Flexible Pack; Pack Type: Pouch; Volume: 250; Naturally derived: natural minerals, natural; Water Type: mineral; Carbonization: still"
328230518,amazon,Germany,Carrot Juice 1 x 1 Litre,"* packing quantity: (1 x 1000 ml) 
* Bio- certification: EG- Bio 
› more product details , 
## product descriptions 
size: 1 x 1000 ml 
### product descriptions 
processing: Bio-Mohrensaft offers pure","["""" Any Category"""","""" Grocery"""","""" Drinks"""","""" juice & smoothies"""","""" Fruit Juice""""]",https://www.amazon.de/dp/B003UO735S,https://m.media-amazon.com/images/I/51FLc6pzVML._AC_UL320_.jpg,3.1,,Dennree,Not from Concentrate 100% Juice,"Volume: 1000; Juice Features: smoothie; Sustainable Sourcing: organic; Flavour: carrot; Pack Type: Bottle; Pack Material Type: Glass; Juice Content: 100%; Made From: lemon, carrot; Carbonization: still"
330203227,Gittigidiyor,Turkey,old victory soda tangerine flavored 6 pieces x 200 ml soda,,"["""" home page"""",""""supermarket"""",""""drink"""","""" carbonated drinks""""]",https://www.gittigidiyor.com/supermarket/eski-zafer-gazoz-mandalina-aromali-6-adet-x-200-ml-gazoz_pdp_592129413,https://mcdn01.gittigidiyor.net/59212/tn50/592129413_tn50_1.jpg,34.39,,Zafer,Other Non-Cola Carbonates,Flavour: tangerine; Carbonization: carbonated; Volume: 200; Juice Content: 0-2%; Pack Type: Bottle; Pack Material Type: Glass
342664498,Auchandrive,France,organic planet apibul apple juice raspberries sparkling 75cl,"ref / EAN :
99100160
/ 2004991001600","["""" organic and green"""",""""grocery, organic drinks"""","""" alcohol-free drinks""""]",https://www.auchan.fr/planet-bio-apibul-jus-de-pommes-framboises-petillant-75cl/pr-99100160,https://media.auchan.fr/CLDRIVE99100160_1200x1200/B2CD/,,2004991001600,Planet Bio,Not from Concentrate 100% Juice,"Carbonization: sparkling; Pack Type: Bottle; Juice Content: 100%; Volume: 750; Pack Material Type: Glass; Sustainable Sourcing: organic; Made From: apple, raspberry; Flavour: apple, raspberry"
343567323,amazon,France,Aqua Pacific | mineral water artesian | 17 x 330ml,"* mineral water artisanal. 
, 
## product description 
Aqua Pacific | mineral water artesian | 17 x 330ml 
see website from the manufacturer to know the ingredients and / or up-to-date content (UK) 
,","["""" grocery"""","""" coffee, tea and drinks"""","""" waters""""]",https://www.amazon.fr/Aqua-Pacific-min%C3%A9rale-art%C3%A9sienne-330ml/dp/B084G7J6DT/ref=sr_1_362?_encoding=UTF8&c=ts&dchild=1&keywords=Eaux&qid=1607315949&s=grocery&sr=1-362&ts_id=6357093031,https://m.media-amazon.com/images/I/61GwwRFmWYL._AC_UL320_.jpg,39.34,,Aqua Pacific,Still Bottled Water,"Caffeine: 15-25 mg; Volume: 330; Pack Material Type: Plastic; Juice Content: 0-2%; Carbonization: still; Pack Type: Bottle; Water Type: mineral, artesian"
351170357,Gittigidiyor,Turkey,black bruin energy drink 250 ml (24 pcs),,"["""" home page"""",""""supermarket"""",""""drink"""","""" carbonated drinks""""]",https://www.gittigidiyor.com/supermarket/black-bruin-enerji-i-cecegi-250-ml-24-adet_pdp_621184660,https://mcdn01.gittigidiyor.net/61265/tn120/612656940_tn120_0.jpg?160291,70.9,,Black Bruin,Energy Drinks,Volume: 250; Caffeine: 25-50 mg; Juice Content: 0-2%; Health Claims: energy boosting; Pack Material Type: Metal; Carbonization: carbonated
351797252,amazon,USA,Niagara Purified Drinking Water Pallet (84 cases) - Lift Gate Required - Delivery To - Minnesota - ( Must Select Correct State For Delivery & Please Choose Lift Gate Option),"* Niagara Purified Drinking Water is just that: water, not hype. We provide hydration at a great value; Now That's Refreshing 
* Our industry leading sustainability initiatives ensure that our Eco- Ai","["""" Grocery & Gourmet Food"""","""" Beverages"""","""" Bottled Beverages, Water & Drink Mixes"""","""" Drinking Water""""]",https://www.amazon.com/Niagara-Purified-Drinking-Water-Pallet/dp/B08BW38CYR/ref=sr_1_509?c=ts&keywords=Drinking+Water&qid=1650614337&s=grocery&sr=1-509&ts_id=16318651,https://m.media-amazon.com/images/I/51wsWj1CTaL._AC_UL320_.jpg,574.08,,Niagara,Still Bottled Water,Caffeine: 15-25 mg; Health Claims: hydrating; Pack Material Type: Paper / Carton; Juice Content: 0-2%; Carbonization: still; Environmentally Friendly: environmentally friendly; Water Type: purified; Geographic Origin: united states; Sustainable Packaging: can be recycled
351896814,amazon,USA,Niagara Purified Drinking Water Pallet (84 cases) - Delivery To - Delaware - ( Must Select Correct State For Delivery & Please Choose Lift Gate Option),"* Niagara Purified Drinking Water is just that: water, not hype. We provide hydration at a great value; Now That's Refreshing 
* Our industry leading sustainability initiatives ensure that our Eco- Ai","["""" Grocery & Gourmet Food"""","""" Beverages"""","""" Bottled Beverages, Water & Drink Mixes"""","""" Drinking Water""""]",https://www.amazon.com/Niagara-Purified-Drinking-Water-Pallet/dp/B08958JVZJ/ref=sr_1_469?c=ts&keywords=Drinking+Water&qid=1650614335&s=grocery&sr=1-469&ts_id=16318651,https://m.media-amazon.com/images/I/51wsWj1CTaL._AC_UL320_.jpg,590.88,,Niagara,Still Bottled Water,Environmentally Friendly: environmentally friendly; Sustainable Packaging: can be recycled; Water Type: purified; Health Claims: hydrating; Pack Material Type: Paper / Carton; Carbonization: still; Juice Content: 0-2%; Caffeine: 15-25 mg
352324640,amazon,USA,"LUV BOX VARIETY SAVIA ALOE VERA DRINK 16.9 FL OZ. PACK OF 12 , SAVIA ALOE VERA POMEGRANATE DRINK , SAVIA ALOE VERA KIWI DRINK. by evaxo",", 
## Product description 
LUV BOX VARIETY SAVIA ALOE VERA DRINK 16.9 FL OZ. PACK OF 12 , SAVIA ALOE VERA POMEGRANATE DRINK , SAVIA ALOE VERA KIWI DRINK. #N 
, 
LUV BOX VARIETY SAVIA ALOE VERA DRINK 1","["""" Beverages"""","""" Bottled Beverages, Water & Drink Mixes"""","""" Soft Drinks""""]",https://www.amazon.com/VARIETY-SAVIA-DRINK-POMEGRANATE-DRINK/dp/B08LDY5X2J/ref=sr_1_4998?qid=1664782733&s=grocery&sr=1-4998,https://m.media-amazon.com/images/I/61ZsTZaZXeL._AC_UL320_.jpg,44,,Savia,Coconut and Other Plant Waters,"Flavour: kiwi, pomegranate; Made From: aloe vera, kiwi, pomegranate; Volume: 500; Water Type: aloe vera; Juice Content: 0-2%; Pack Material Type: Paper / Carton; Pack Type: Can; Carbonization: still"
352617036,amazon,USA,"Vitamin Water Zero Shine Water, Strawberry Lemonade, 20 Ounce (24 Bottles)",", 
## Product description 
Vitamin Water Zero Shine Water, Strawberry Lemonade, 20 Ounce (24 Bottles) … 
, 
Vitamin Water Zero Shine Water, Strawberry Lemonade, 20 Ounce (24 Bottles) …","["""" Grocery & Gourmet Food"""","""" Beverages"""","""" Bottled Beverages, Water & Drink Mixes"""","""" Drinking Water""""]",https://www.amazon.com/dp/B01FG5FPAI,https://m.media-amazon.com/images/I/21KXsUzPHuL._AC_UL320_.jpg,54.99,,Shine Water,Still Flavoured Bottled Water,"Juice Content: 0-2%; Carbonization: still; Pack Type: Bottle; Pack Material Type: Plastic; Volume: 591; Flavour: strawberry, lemon"
371676222,Gittigidiyor,Turkey,sunflower cherry flavored beverage powder 250 g free shipping,,"["""" home page"""",""""supermarket"""",""""drink"""","""" still drinks""""]",https://www.gittigidiyor.com/supermarket/gunbak-visne-aromali-icecek-tozu-250-gr-ucretsiz-kargo_pdp_627667865,https://mcdn01.gittigidiyor.net/62766/tn120/627667865_tn120_0.jpg?160635,17.6,,Günbak,Powder Concentrates,Concentrate Format: powder; Weight: 250; Pack Material Type: Flexible Pack; Flavour: cherry; Juice Content: 0-2%
374824949,CDON.COM,Sweden,X-GAMER X- tubz Nightshade 600g,"## X-GAMER Nightshade 
* energy drink for e-sports 
* sharpens sinnet 
* faster up reaction times 
* boosts the energy 
* sugar free, only 31 kcal per 500ml 
* available as 10g enportions, and 600g 60","["""" start"""","""" Mat, drinks & tobacco"""","""" beverages"""","""" sports drinks & energy drinks""""]",https://cdon.se/livsmedel/x-gamer-x-tubz-nightshade-600g-p46911458,https://cdn.cdon.com/media-dynamic/images/product/gamingchairs/energydrinksdefault/image962/x-gamer_x-tubz_nightshade_600g-46911458-60916247-org.jpg?impolicy=product&w=340&h=340,275.96,,X- Gamer,Energy Drinks,"Caffeine: 25-50 mg; Contains Minerals: manganese, calcium, magnesium, zinc, selenium; Weight: 600; Energy Source: b-vitamins; Sweetener: sucralose; Pack Material Type: Metal; Carbonization: still; Immune Support Ingredients: vitamin c, zinc; Juice Content: 0-2%; Health Claims: hydrating, no added sugar, energy boosting, nootropic/enhanced mental performance, no sugar"
374974326,Real Canadian Super Store,Canada,No Sugar Added Apple Orange Peach 100% Juice,Quality comes first when you quench your thirst with our 100% fruit juices. Sun Rype No Sugar Added Apple Orange Peach delivers orchard fresh taste without any artificial flavours or colours. Refreshi,"["""" Food"""","""" Drinks"""","""" Juice"""","""" Shelf- Stable Juices""""]",https://www.realcanadiansuperstore.ca/no-sugar-added-apple-orange-peach-100-juice/p/20744072006_EA,https://assets.shop.loblaws.ca/products/20744072006/b1/en/front/20744072006_front_a05.png,1.48,,Sun-Rype,Not from Concentrate 100% Juice,"Juice Features: from concentrate; Volume: 900; Caffeine: 15-25 mg; Immune Support Ingredients: vitamin c; No Artificial Ingredients: no artificial colours; Health Claims: no sugar, good source of vitamins; Made From: peach, apple, orange, pear; Water Type: filtered; Juice Content: 100%; Naturally derived: natural flavours; Carbonization: still; Flavour: peach, apple, orange; Pack Type: Liquid Carton; Pack Material Type: Paper / Carton"
374980117,Gittigidiyor,Turkey,akzer rosemary juice 1 liter,,"["""" home page"""",""""supermarket"""",""""food"""","""" gourmet products""""]",https://www.gittigidiyor.com/supermarket/akzer-biberiye-suyu-1-lt_pdp_629051789,https://mcdn01.gittigidiyor.net/62905/tn50/629051789_tn50_0.jpg,39.9,,Akzer,Nectars,Volume: 1000; Pack Material Type: Paper / Carton; Juice Content: 0-2%; Flavour: rosemary; Carbonization: still; Pack Type: Liquid Carton
381683956,Trendyol,Turkey,passionflower ( Passion Fruit) flavored cocktail syrup 70 cl,. delivery date:26 - 30 june,"[""""supermarket"""",""""food"""","""" coffee""""]",https://www.trendyol.com/gusse/carkifelek-passion-fruit-aromali-kokteyl-surubu-70-cl-p-68308744,https://cdn.dsmcdn.com///ty32/product/media/images/20201211/10/37484305/118362929/1/1_org_zoom.jpg,325,,Gusse,Liquid Concentrates,Volume: 700; Juice Content: 0-2%; Flavour: passionfruit; Pack Material Type: Glass; Pack Type: Bottle
390942948,Gittigidiyor,Turkey,doganay turnip hot water 330 ml,,"["""" home page"""",""""supermarket"""",""""drink"""","""" still drinks""""]",https://www.gittigidiyor.com/supermarket/doganay-salgam-suyu-acili-330-ml_pdp_638373048,https://mcdn01.gittigidiyor.net/63837/tn50/638373048_tn50_0.jpg,14.7,,Doganay,Still Bottled Water,Volume: 330; Pack Material Type: Plastic; Pack Type: Bottle; Juice Content: 0-2%; Carbonization: still
391679926,Gittigidiyor,Turkey,poly- lemon flavored drink powder 450 g,,"["""" home page"""",""""supermarket"""",""""drink"""","""" still drinks""""]",https://www.gittigidiyor.com/supermarket/poli-limon-aromali-icecek-tozu-450-g_pdp_644282565,https://mcdn01.gittigidiyor.net/64428/tn120/644282565_tn120_0.jpg?160998,14.9,,Poli,Powder Concentrates,Weight: 450; Pack Material Type: Flexible Pack; Pack Type: Liquid Carton; Concentrate Format: powder; Flavour: lemon; Juice Content: 0-2%
402928328,Walmart,USA,"Hansen Soda Crmy Rt Beer Diet,12 Oz ( Pack Of 4)",Merchandise,"["""" Food"""","""" Beverages""""]",https://www.walmart.com/ip/Hansen-Soda-Crmy-Rt-Beer-Diet-12-Oz-Pack-Of-4/324857969,https://i5.walmartimages.com/asr/9ae9d03d-e186-41e4-805f-463deb8204da_1.ef080afb9a2996250e4b80f85a27d09a.jpeg,18.73,,Hansen's,Other Non-Cola Carbonates,Volume: 355; Juice Content: 0-2%; Pack Type: Can; Pack Material Type: Flexible Pack
410465119,Gittigidiyor,Turkey,victory old soda plain 6 x 200 ml soda,,"["""" home page"""",""""supermarket"""",""""drink"""","""" carbonated drinks""""]",https://www.gittigidiyor.com/supermarket/zafer-eski-gazoz-sade-6-x-200-ml-gazoz_pdp_663803646,https://mcdn01.gittigidiyor.net/66380/tn50/663803646_tn50_0.jpg,25.5,,Zafer,Other Non-Cola Carbonates,Volume: 200; Pack Type: Bottle; Carbonization: carbonated; Pack Material Type: Glass; Juice Content: 0-2%
418956805,Gittigidiyor,Turkey,GILABURU nectar juice 1 liter KAYSERİ market,,"["""" home page"""",""""supermarket"""",""""drink"""","""" that""""]",https://www.gittigidiyor.com/supermarket/gilaburu-nektar-suyu-1-lt-kayseri-pazari_pdp_711272279,https://mcdn01.gittigidiyor.net/67236/tn50/672365705_tn50_0.jpg,25,,Kayseri Pazarı,Nectars,Juice Content: 0-2%; Pack Material Type: Glass; Pack Type: Bottle; Carbonization: still; Volume: 1000
442913051,Willys,Sweden,apple elder Juice without pulp,pressed apple juice with elder without pulp. pressas immediately after harvest. 1 l.,"["""" drink"""","""" Juice, fruit drink & smoothie"""","""" chilled juice & nectar""""]",https://www.willys.se/produkt/apple-Flader-Juice-Utan-Fruktkott-101328354_ST,"https://assets.axfood.se/image/upload/f_auto,t_500/07340083480263_C1N1_s01",29.9,7340083480263,Garant,Not from Concentrate 100% Juice,"Juice Content: 100%; Pack Material Type: Glass; Juice Features: pulp free, smoothie; Volume: 1000; Pack Type: Bottle; Flavour: elderflower, apple; Immune Support Ingredients: elderberry; Made From: elderberry, apple; Carbonization: still"
445457833,Gittigidiyor,Turkey,thyme juice 1000ml,,"["""" home page"""",""""supermarket"""",""""drink"""","""" still drinks""""]",https://www.gittigidiyor.com/supermarket/kekik-suyu-1000ml_pdp_699669788,https://mcdn01.gittigidiyor.net/69966/tn50/699669788_tn50_0.jpg,17,,Albi,Nectars,Pack Material Type: Paper / Carton; Flavour: thyme; Juice Content: 0-2%; Volume: 1000; Carbonization: still
449809989,S-kaupat,Finland,juicer rantapaiva pineapple-coconut smoothie 250ml,"generous smoothie drink. high pressure treated (HPP). 55% pineapple, 9% coconut.","["""" beverages"""","""" juice"""","""" other fruit juices""""]",https://www.s-kaupat.fi/tuote/mehustamo-rantapaiva-ananas-kookos-smoothie-250ml/7340191106567,https://cdn.s-cloud.fi/v1/w640_q75/product/ean/7340191106567_kuva1.jpg,2.77,7340191106567,Mehustamo,Not from Concentrate 100% Juice,"Volume: 250; Juice Content: 100%; Pack Type: Bottle; Made From: banana, pineapple, apple, coconut, orange; Flavour: pineapple, coconut; Juice Features: cold press, smoothie; Immune Support Ingredients: vitamin c, antioxidants; Pack Material Type: Glass; Carbonization: still"
466179604,amazon,Germany,Pride lemon juice - 500ml,"* * *
# info on this article 
* proud 
* out fresh lemons pressed 
* content: 500ml 
* natural strength 
› more product details , 
## product descriptions 
lemon juice from concentrated lemon juice. 
","["""" tinned & jarred food""""]",https://www.amazon.de/-/en/dp/B083WNNZRG/ref=sr_1_12474?qid=1686921524&s=grocery&sr=1-12474,https://m.media-amazon.com/images/I/41uoFOZqvvL._AC_UL320_.jpg,8.89,,Pride,Not from Concentrate 100% Juice,Flavour: lemon; Made From: lemon; Volume: 500; Carbonization: still; Juice Content: 100%; Juice Features: from concentrate; Pack Type: Bottle; Pack Material Type: Plastic
500484259,amazon,USA,"Realemon Lemon Juice, 48- Ounce Bottles ( Pack of 4) - SET OF 4",", ,","["""" Any Department"""","""" Grocery & Gourmet Food"""","""" Beverages"""","""" Bottled Beverages, Water & Drink Mixes"""","""" Juices""""]",https://www.amazon.com/dp/B08CKP2Y24,https://m.media-amazon.com/images/I/71TgH1qxmHL._AC_UL320_.jpg,139.99,,Realemon,Not from Concentrate 100% Juice,Pack Material Type: Glass; Volume: 1420; Flavour: lemon; Juice Content: 0-2%; Made From: lemon; Pack Type: Bottle; Carbonization: still
505706230,amazon,USA,"Premium Purified Water, pH Balanced with Electrolytes For Taste, , 33.8 Fl Oz ( Pack of 6) - Packaging May Vary",",
,","[""""\"""" Drinking Water\""""""""]",https://www.amazon.com/Premium-Purified-Water-Balanced-Electrolytes/dp/B09J95X8PW/ref=sr_1_523?_encoding=UTF8&c=ts&dchild=1&keywords=Drinking+Water&qid=1634543414&s=grocery&sr=1-523&ts_id=16318651,https://m.media-amazon.com/images/I/511C2Dd1bfL._AC_UL320_.jpg,7.19,,LIFEWTR,Functional Bottled Water,"Volume: 1000; Sports Ingredients: electrolytes; Juice Content: 0-2%; Carbonization: still; Pack Material Type: Glass; Water Type: ph balanced, purified; Pack Type: Bottle"
508743422,amazon,France,organic nature - pure juice apple brick 1l - set of 4 - special offer,"* drinks 
* juice 
* organic juice 
* organic nature 
* pure juice apple brick 1l 
, 
apple juice isssu from organic farming. 
,","[""""\"""" cooked dishes\""""""""]",https://www.amazon.fr/gp/slredirect/picassoRedirect.html/ref=pa_sp_mtf_grocery_sr_pg125_1?ie=UTF8&adId=A0700970N0QXX8WQS8ZN&url=%2FNATURE-BIO-Pomme-Brique-Special%2Fdp%2FB08QQZ4JDD%2Fref%3Dsr_1_2989_sspa%3F_encoding%3DUTF8%26c%3Dts%26keywords%3DPlats%2Bcuisin%25C3%25A9s%26qid%3D1635944981%26s%3Dgrocery%26sr%3D1-2989-spons%26ts_id%3D6359785031%26psc%3D1&qualifier=1635944981&id=1901518637291422&widgetName=sp_mtf,https://m.media-amazon.com/images/I/413ocgM-HXL._AC_UL320_.jpg,29.99,,Nature Bio,Reconstituted 100% Juice,Made From: apple; Sustainable Sourcing: organic; Pack Material Type: Paper / Carton; Carbonization: still; Pack Type: Liquid Carton; Volume: 1000; Flavour: apple; Juice Content: 100%
517056474,amazon,USA,"Inca Kola Golden Carbonated Beverage Soda - la kola dorada - 12 oz cans - 12pk, Pack of 10",",
, Size: .10 Pack (12 Fl Oz (12 Count)) 
1","["""" Grocery & Gourmet Food"""","""" Beverages"""","""" Bottled Beverages, Water & Drink Mixes"""","""" Soft Drinks""""]",https://www.amazon.com/Inca-Kola-Golden-Carbonated-Beverage/dp/B09L4JFM3M/ref=sr_1_415?_encoding=UTF8&c=ts&keywords=Soda+Soft+Drinks&qid=1636444419&s=grocery&sr=1-415&ts_id=16318231,https://m.media-amazon.com/images/I/51kCbekUo-L.jpg,,,Inca Kola,Other Non-Cola Carbonates,Carbonization: carbonated; Pack Type: Can; Pack Material Type: Metal; Volume: 355; Juice Content: 0-2%
520188740,ICA,Sweden,Juice orange Mango & passion fruit freshly pressed 1l ICA Selection,"## product information 
ica Selection freshly squeezed juice from orange, mango and passion fruit. with pulp. fresh taste with certain beska and acidity. with pant. 
## trademark 
ica Selection 
## ot","["""" drink"""","""" juice & fruit drinks"""","""" freshly squeezed juice""""]",https://handlaprivatkund.ica.se/stores/1004134/products/Juice-Apelsin-Mango-&-Passionsfrukt-Nypressad-1l-ICA-Selection/2030533,https://handlaprivatkund.ica.se/images-v3/bf7a00ca-390e-4769-865f-dc369586872e/3f9e03db-e8e9-4edd-ab04-06f37ccc9bf8/500x500.jpg,48.9,,ICA,Not from Concentrate 100% Juice,"Volume: 1000; Juice Content: 100%; Immune Support Ingredients: vitamin c; Juice Features: with pulp; Pack Material Type: Glass; Pack Type: Bottle; Carbonization: still; Flavour: orange, passionfruit, mango; Made From: orange, passion fruit, mango"
521263960,amazon,USA,"Cilantro Barley Orzo Tea ( Loose) (4 oz, ZIN: 549715) - 2 Pack",* Our Cilantro Barley Orzo tea is a tasty naturally flavored Barley Orzo roasted grain beverage (coffee substitute) with Cilantro that has a refreshing natural taste that will impress you! The unique,"["""" Any Department"""","""" Grocery & Gourmet Food"""","""" Beverages"""","""" Coffee Substitutes""""]",https://www.amazon.com/dp/B081J1N9V6,https://m.media-amazon.com/images/I/81JMVISG6bL._AC_UL320_.jpg,18.8,,TerraVita,Powder Concentrates,"Pack Type: Bag/Packet; Naturally derived: natural flavours, natural, natural sweeteners; Weight: 113; Flavour: tea, barley; Juice Content: 0-2%; Concentrate Format: powder"
524036039,Food Market Herkku,Finland,juicer rantapaiva pineapple-coconut smoothie 500ml,"generous smoothie drink. high pressure treated (HPP). 55% pineapple, 9% coconut.","["""" beverages"""","""" juice"""","""" other fruit juices""""]",https://www.s-kaupat.fi/tuote/7340191106574,https://cdn.s-cloud.fi/v1/w828_q75/product/ean/7340191106574_kuva1.jpg,4.4,7340191106574,Mehustamo,Not from Concentrate 100% Juice,"Volume: 500; Flavour: coconut, pineapple; Juice Features: cold press, smoothie; Pack Type: Bottle; Carbonization: still; Pack Material Type: Glass; Immune Support Ingredients: vitamin c, antioxidants; Juice Content: 100%; Made From: banana, pineapple, apple, coconut, orange"
56255256,Willys,Sweden,orange cold pressed Juice,cold pressed spanish orange juice.,"["""" drink"""","""" Juice, fruit drink & smoothie"""","""" chilled juice & nectar""""]",https://www.willys.se/produkt/Apelsin-Kallpressad-Juice-101262261_ST,https://d2rfo6yapuixuu.cloudfront.net/h5d/hb3/9055441420318/07340083456664.jpg_1516963289618_master_axfood_400,29.9,7340083456664,Garant,Not from Concentrate 100% Juice,"Volume: 750; Pack Type: Bottle; Pack Material Type: Plastic; Juice Features: cold press, smoothie; Made From: orange; Flavour: orange; Juice Content: 100%; Carbonization: still"
56443387,Hipercor,Spain,"ZUMOSOL pomegranate juice, blackberry, raspberry and grape 100% squeezed 750 ml bottle","name of the food: grape juice ink- raspberry- blackberry- pomegranate squeezed name of the operator: juices palm S.L.U operator address: Pol. Industrial i killed, Parc 18-53, 14700 palm from the river","["""" supermarket"""","""" drinks"""","""" water, soft drinks and juices"""","""" juices and nectars"""","""" juices and nectars tropical""""]",https://www.hipercor.es/supermercado/0110118657201002-zumosol-zumo-de-granada-mora-frambuesa-y-uva-100-exprimido-botella-750-ml/,https://sgfm.elcorteingles.es/SGFM/dctm/MEDIA03/201808/10/00118657201002____3__600x600.jpg,1.99,,Zumosol,Not from Concentrate 100% Juice,"Volume: 750; Juice Content: 100%; Made From: grape, blackberry, pomegranate, raspberry; Carbonization: still; Flavour: grape, blackberry, pomegranate, raspberry; Pack Material Type: Plastic; Pack Type: Bottle"
580123143,Walmart,USA,"Product of Country Time Pink Lemonade Drink Mix, 82.5 oz.",""""" All Powdered Drink Mix"""" ; Brand Country Farms ; Food Form Dry Mixes","["""" Food"""","""" Beverages"""","""" Powdered Drink Mixes"""","""" Lemonade Mixes""""]",https://www.walmart.com/ip/Product-of-Country-Time-Pink-Lemonade-Drink-Mix-82-5-oz/173686191?classType=REGULAR,https://i5.walmartimages.com/seo/Product-of-Country-Time-Pink-Lemonade-Drink-Mix-82-5-oz_f612822b-0569-4fa8-8420-c8694a1cdb9d.01a541d26bd95ab9d306104832c9d42d.jpeg,20.39,,Country Farms,Powder Concentrates,Concentrate Format: powder; Flavour: lemon; Pack Type: Tub/Cup/Pot; Juice Content: 0-2%
58949860,Hemköp,Sweden,watermelon carbonated water Pet,frameless are one natural mineral water as njutits then 1707 and tappas immediately at the source in frameless health well. frameless watermelon have a fresh and cute ton with summer feeling. frameles,"["""" all supplies"""","""" drink"""","""" water"""","""" small""""]",https://www.hemkop.se/produkt/V-101275002_ST,https://d2rfo6yapuixuu.cloudfront.net/h1a/h56/9040703553566/07310070003027.jpg_1515285936047_master_axfood_400,10,7310070003027,Ramlösa,Sparkling Flavoured Bottled Water,"Pack Material Type: Plastic; Flavour: watermelon; Pack Type: Bottle; Caffeine: 15-25 mg; Volume: 500; Naturally derived: natural fragrances, natural; Carbonization: carbonated; Water Type: mineral; Juice Content: 0-2%"
59068988,The Whiskey Exchange,United Kingdom,William Fox Chilli Gomme Syrup,"William Fox was founded by two drinks enthusiasts based in the north of England who wanted to create high quality, colourless, preservative-free syrups using only the purest natural flavours. Spice up","["""" Home"""","""" Cocktails & Mixers"""","""" Soft Drinks and Syrups""""]",https://www.thewhiskyexchange.com/p/45124/william-fox-chilli-syrup,https://img.thewhiskyexchange.com/1000/syrup_wil24.jpg,4.95,,William Fox,Liquid Concentrates,Volume: 750; Juice Content: 0-2%; Naturally derived: natural flavours; Pack Material Type: Glass; Flavour: chilli; No Artificial Ingredients: no artificial preservatives
599947128,amazon,Spain,Terschellinger cranberry juice pure sweet - 750 ml,"undefinedundefined undefined 
* * *
## product details 
* product weight
‏
:
‎ 300 grams 
* product on amazon.is from
‏
:
‎ 10 march 2020 
* maker
‏
:
‎ Terschellinger 
* asin
‏
:
‎ B07VXWF3HX 
* mode","["""" coffee, tea and drinks"""","""" juices"""","""" fruit juice""""]",https://www.amazon.es/Terschellinger-zumo-ar%C3%A1ndano-puro-dulce/dp/B07VXWF3HX/ref=sr_1_1510?qid=1678079394&s=grocery&sr=1-1510,https://m.media-amazon.com/images/I/31dQxzGeVML._AC_UL320_.jpg,16.03,,Terschellinger,Not from Concentrate 100% Juice,Pack Material Type: Glass; Volume: 750; Made From: cranberry; Juice Content: 100%; Flavour: cranberry; Carbonization: still; Pack Type: Bottle
613262914,amazon,USA,Venom Energy Drink - Low Calorie Watermelon Lime - 16fl.oz.(4 Pack of 16),"Brand Venom Energy 
Flavor Watermelon 
Package Information Can 
Volume 16 Fluid Ounces 
Number of Pieces 16 
undefinedundefined 
* * *
## Important information 
Legal Disclaimer 
Statements regarding ","["""" Grocery & Gourmet Food"""","""" Beverages"""","""" Bottled Beverages, Water & Drink Mixes"""","""" Energy Drinks""""]",https://www.amazon.com/Venom-Energy-Drink-Watermelon-16fl-oz/dp/B09Z35Z2GJ/ref=sr_1_676?c=ts&keywords=Energy+Drinks&qid=1655711781&s=grocery&sr=1-676&ts_id=16318341,https://m.media-amazon.com/images/I/51p5CHcINGL._AC_UL320_.jpg,364.42,312333768336,Venom,Energy Drinks,"Volume: 473; Juice Content: 0-2%; Flavour: lime, watermelon; Pack Material Type: Metal; Health Claims: low calories, energy boosting; Carbonization: still"
668501249,amazon,USA,"Beebad Energy Drink Sparkling Honey Royal Jelly Propolis, 8.4 FO Pack of 12","undefinedundefined 
* * *
## Important information 
[ingredients_start]
Ingredients 
Beebad Energy Drink Sparkling Honey Royal Jelly Propolis, 8.4 FO Pack of 12 
[ingredients_end]

Legal Disclaimer 
S","["""" Grocery & Gourmet Food"""","""" Beverages"""","""" Bottled Beverages, Water & Drink Mixes""""]",https://www.amazon.com/dp/B0B5Y9HG86,https://m.media-amazon.com/images/I/71BbNjBqlYL._AC_UL320_.jpg,39.87,,Beebad,Energy Drinks,Health Claims: energy boosting; Volume: 250; Carbonization: sparkling; Pack Material Type: Metal; Juice Content: 0-2%; Pack Type: Can; Flavour: honey
67605596,IGA,Canada,Carrot Juice,,"["""" Products"""","""" Grocery"""","""" Beverages"""","""" Organic & Natural Beverages""""]",https://www.iga.net/en/product/juicecarrot/00000_000000066147523904,https://sbs-prd-cdn-products.azureedge.net/media/image/product/en/medium/0066147523904.jpg,7.79,,BioItalia,Not from Concentrate 100% Juice,Volume: 750; Carbonization: still; Made From: carrot; Flavour: carrot; Pack Material Type: Glass; Pack Type: Bottle; Juice Content: 100%
69970753,amazon,USA,SALTED CARAMEL Boba / Bubble Tea Drink Mix Powder By Buddha Bubbles Boba 10 Ounces (283 Grams),"Salted Caramel Boba Tea Powder
Expiration Date: 1 Year
A brand-new, unused, unopened, undamaged item
1 Kilo Makes 45 + drinks, 1 Pound makes 20 + drinks, 10oz Makes 10 + drinks","["""" Grocery & Gourmet Food"""","""" Beverages"""","""" Bubble Tea"""","""" Bubble Tea Tapioca Pearls""""]",https://www.amazon.com/dp/B00JFYDC70,"https://images-na.ssl-images-amazon.com/images/I/81b8L2qOKfL._AC_UL300_SR300,200_.jpg",10.99,646437125871,Buddha Bubbles Boba,Powder Concentrates,"Pack Material Type: Flexible Pack; Flavour: tea, caramel; Juice Content: 0-2%; Concentrate Format: powder; Weight: 283"
70203834,amazon,USA,"Mcilhenny Tabasco Spicy Bloody Mary Mix, 32 oz",Mix,"["""" Grocery & Gourmet Food"""","""" Beverages"""","""" Bottled Beverages, Water & Drink Mixes"""","""" Cocktail Mixers""""]",https://www.amazon.com/Mcilhenny-Tabasco-Spicy-Bloody-Mary/dp/B000WH7DLA/ref=sr_1_1954?qid=1702440729&s=grocery&sr=1-1954,https://m.media-amazon.com/images/I/61-YxG0eVLL._AC_UL320_.jpg,89.99,11210001527,Tabasco,Liquid Concentrates,Pack Material Type: Glass; Volume: 946; Juice Content: 0-2%; Pack Type: Bottle
71284080,H-E-B,USA,"Runa Berry Clean Energy Drink, 12 oz",,"["""" Shop"""","""" Beverages"""","""" Sports & Energy Drinks""""]",https://www.heb.com/product-detail/runa-berry-clean-energy-drink/2054798,"https://images.heb.com/is/image/HEBGrocery/002054798-1?id=G6LQx2&fmt=jpg&fit=constrain,1&wid=296&hei=296",2.11,,Runa,Energy Drinks,Pack Material Type: Metal; Volume: 355; Health Claims: energy boosting; Flavour: berry; Carbonization: still; Juice Content: 0-2%
71528435,amazon,USA,Powell & Mahoney Sparkling Ginger Beer - 12 oz cans - 4pk,Made of good quality ingredient,"[""""\"""" Soda Soft Drinks\""""""""]",https://www.amazon.com/Powell-Mahoney-Sparkling-Ginger-Beer/dp/B078J67Y9K/ref=sr_1_4437?_encoding=UTF8&c=ts&dchild=1&keywords=Soda+Soft+Drinks&qid=1634119058&s=grocery&sr=1-4437&ts_id=16318231,https://m.media-amazon.com/images/I/51xsoKNxYtL._AC_UL320_.jpg,21.18,853680005298,Powell & Mahoney,Other Non-Cola Carbonates,"Juice Content: 0-2%; Pack Material Type: Metal; Volume: 355; Pack Type: Can; Flavour: ginger; Carbonization: carbonated, sparkling"
72301075,amazon,USA,"Queen of The Meadow Glycerite Liquid Extract (1:5) - Strawberry Flavored (1 oz, ZIN: 522893)","Queen of the Meadow Glycerite Liquid Extract (1:5) - Strawberry Flavored (1 oz, ZIN: 522893): Queen of the Meadow Glycerite Liquid Extract (1:5) - Strawberry Flavored","["""" Grocery & Gourmet Food"""","""" Pantry Staples"""","""" Cooking & Baking"""","""" Extracts & Flavoring""""]",https://www.amazon.com/Queen-Meadow-Glycerite-Liquid-Extract/dp/B07945D39J/ref=sr_1_8805?_encoding=UTF8&c=ts&dchild=1&keywords=Baking+Extracts+%26+Flavoring&qid=1606812150&s=grocery&sr=1-8805&ts_id=16318021,https://m.media-amazon.com/images/I/41jKshFpQtL._AC_UL320_.jpg,16.53,64435228934,TerraVita,Liquid Concentrates,Pack Material Type: Glass; Juice Content: 0-2%; Volume: 30; Pack Type: Bottle; Flavour: strawberry
727605978,amazon,Germany,"sodapop bluna Orange Syrup, quick & easy to Prepare, 1 bottle Makes 10 l ready drink, 500 ml","* sodapop Orange Drink Syrup 500 ml 
* Contents: 1 item 
› See more product details","["""" Grocery"""","""" Drinks"""","""" beverage syrups & concentrates""""]",https://www.amazon.de/dp/B09LMSGX13,https://m.media-amazon.com/images/I/615DJ-6t9KL._AC_UL320_.jpg,4.99,,Sodapop,Liquid Concentrates,Volume: 500; Juice Content: 0-2%; Pack Material Type: Plastic; Flavour: orange
74494345,amazon,USA,Harvest Bay - Coconut Water Original - 11.16 fl. oz.,Harvest Bay Coconut Water - Canned - Case Of 12 - 11.16 Fl Oz,"["""" Grocery & Gourmet Food"""","""" Beverages"""","""" Bottled Beverages, Water & Drink Mixes""""]",https://www.amazon.com/Harvest-Bay-Coconut-Water-Original/dp/B076CHHF3Q/ref=sr_1_555?qid=1554911445&s=grocery&sr=1-555,https://images-na.ssl-images-amazon.com/images/I/41qDh3RUbrL._AC_US160_.jpg,2.96,75239843841,Harvest,Coconut and Other Plant Waters,Pack Material Type: Metal; Juice Content: 0-2%; Flavour: coconut; Made From: coconut; Carbonization: still; Volume: 330; Water Type: coconut
75254383,amazon,USA,High Performance Energy Drink - Grape - 16fl oz ( Pack of 16),"16 Pack - 16oz. cans
Ships to APO / FPO, Alaska, Hawaii.","["""" Grocery & Gourmet Food"""","""" Beverages"""","""" Bottled Beverages, Water & Drink Mixes"""","""" Energy Drinks""""]",https://www.amazon.com/dp/B002HACPDG,https://m.media-amazon.com/images/I/41ZPuCWzXKL._AC_UL320_.jpg,53.97,80793804788,NOS,Energy Drinks,Volume: 473; Pack Material Type: Metal; Flavour: grape; Pack Type: Can; Juice Content: 0-2%; Health Claims: energy boosting
76199200,amazon,USA,Iceland Springs Spring Water - 33.8 oz - 12 ct,,"[""""\"""" Drinking Water\""""""""]",https://www.amazon.com/Iceland-Springs-Spring-Water-33-8/dp/B00KPVQ0BW/ref=sr_1_2862?_encoding=UTF8&c=ts&dchild=1&keywords=Drinking+Water&qid=1618215159&s=grocery&sr=1-2862&ts_id=16318651,https://images-na.ssl-images-amazon.com/images/I/31gexvNBZrL._AC_US160_.jpg,29.84,,Iceland,Still Bottled Water,Volume: 1000; Carbonization: still; Pack Material Type: Plastic; Juice Content: 0-2%; Pack Type: Bottle; Water Type: spring
78046727,amazon,USA,PXB476 - Thick- It Aqua Care H2O Thickened Orange Juice Nectar Consistency 8 oz.,Manufacturer: Kent Precision Foods Group Inc,"["""" Any Department"""","""" Grocery & Gourmet Food"""","""" Beverages"""","""" Bottled Beverages, Water & Drink Mixes"""","""" Juices""""]",https://www.amazon.com/dp/B00UNZ2WP8,https://m.media-amazon.com/images/I/51pQiU4ZClL._AC_UL320_.jpg,8.79,,Thick- It,Nectars,Made From: orange; Volume: 237; Flavour: orange; Pack Type: Bottle; Juice Content: 0-2%; Pack Material Type: Plastic; Carbonization: still
78593636,amazon,Germany,Fruit Hit | Orange Juice Drink | 4 x 200ml,"Orange Juice Drink
Vegan
fairtrade","["""" food and drink"""","""" beverages, coffee, tea"""","""" fruit juices""""]",https://www.amazon.de/Fruit-Hit-Orange-Juice-Drink/dp/B0743K91QW/ref=sr_1_4633?qid=1570096621&s=grocery&sr=1-4633,https://m.media-amazon.com/images/I/41D7lDquKvL._AC_UL320_.jpg,17.76,,Fruit Hit,Juice Drinks (up to 24% Juice),Made From: orange; Pack Material Type: Paper / Carton; Volume: 200; Carbonization: still; Juice Content: 75-99%; Flavour: orange; Sustainable Sourcing: fairtrade
80905704,amazon,Germany,"fruity lemon concentrate """" Citrilemon"""" in the 1 liter bottle from piacelli",,"["""" food and drink"""","""" beverages, coffee, tea"""","""" fruit juices""""]",https://www.amazon.de/Fruchtiges-Zitronenkonzentrat-Citrilemon-Flasche-PIACELLI/dp/B00FLUQDKU/ref=sr_1_7761?s=grocery&ie=UTF8&qid=1546877172&sr=1-7761,https://images-eu.ssl-images-amazon.com/images/I/41qKmL02ttL._AC_US200_.jpg,3.9,,Piacelli,Liquid Concentrates,Pack Material Type: Plastic; Volume: 1000; Pack Type: Bottle; Flavour: lemon
80930359,amazon,Germany,gasteiner Mild mw 24 x 0.33l,,"["""" food and drink"""","""" beverages, coffee, tea"""","""" water""""]",https://www.amazon.de/Gasteiner-Mild-MW-24-33l/dp/B07FM2HBRJ/ref=sr_1_474?qid=1584352028&s=grocery&sr=1-474,https://m.media-amazon.com/images/I/415S6IL+tTL._AC_UL320_.jpg,17.49,,Gasteiner,Still Bottled Water,Carbonization: still; Volume: 330; Juice Content: 0-2%; Pack Type: Bottle; Pack Material Type: Glass
809782345,amazon,USA,Cool Mountain Black Cherry Soda - 12 oz (72 Glass Bottles),"* * *
## Important information 
Legal Disclaimer 
Statements regarding dietary supplements have not been evaluated by the FDA and are not intended to diagnose, treat, cure, or prevent any disease or h","["""" Any Department"""","""" Grocery & Gourmet Food"""","""" Beverages"""","""" Bottled Beverages, Water & Drink Mixes"""","""" Soft Drinks""""]",https://www.amazon.com/dp/B0CBZKD6G5,https://m.media-amazon.com/images/I/31LMozxxv2L._AC_UL320_.jpg,187.27,,Cool,Other Non-Cola Carbonates,Juice Content: 0-2%; Pack Material Type: Glass; Pack Type: Bottle; Volume: 355; Flavour: cherry
809816779,Trendyol,Turkey,apricot nectar 1000ml 9 pieces,"[object Object],[object Object],[object Object],[object Object],[object Object],[object Object],[object Object]the product you have examined the seller determines the selling price., migros apricot ne","[""""supermarket"""",""""food"""","""" still drinks""""]",https://www.trendyol.com/migros/kayisi-nektari-1000ml-9-adet-p-466336304,https://cdn.dsmcdn.com///ty670/product/media/images/20230102/15/250410378/664846480/1/1_org_zoom.jpg,757.2,,Migros,Nectars,Juice Content: 100%; Pack Material Type: Paper / Carton; Made From: apricot; Carbonization: still; Flavour: apricot; Volume: 1000
811845529,Trendyol,Turkey,lemon flavored powder drink 250 gr 1 box (24 pcs),"[object Object],[object Object],[object Object],[object Object],[object Object],[object Object],[object Object]the product you have examined the seller determines the selling price., lemon flavored po","[""""supermarket"""",""""food"""","""" still drinks""""]",https://www.trendyol.com/sammey/limon-aromali-toz-icecek-250-gr-1-koli-24-adet-p-745602345,https://cdn.dsmcdn.com///ty969/product/media/images/20230723/17/396118916/981449399/1/1_org_zoom.jpg,799,,Koli,Powder Concentrates,Weight: 250; Pack Type: Carton/Box; Concentrate Format: powder; Juice Content: 0-2%; Flavour: lemon
814491280,Trendyol,Turkey,rosehip powder drink 300 gr,"this product [page=""""merchant_info""""]open teaching market[/ page] will be sent by. 2 ; about to be sold at the campaign price 100 more than stock available. 4 ; the product you have examined the seller ","[""""supermarket"""",""""food and beverage"""","""" still drinks""""]",https://www.trendyol.com/poli/kusburnu-toz-icecek-300-gr-p-170700561,https://cdn.dsmcdn.com/ty1543/product/media/images/ty1546/prod/QC/20240914/22/16cead58-be51-3692-9fcb-2cfd005296bd/1_org_zoom.jpg,73,,Poli,Powder Concentrates,Weight: 300; Flavour: rosehip; Concentrate Format: powder; Juice Content: 0-2%; Pack Type: Bag/Packet; Caffeine: 15-25 mg
814580662,Hepsiburada,Turkey,city boringer Freshers orange flavored granular beverage 300 gr,"city boringer Freshers orange flavored granular drink 300 gr 
brand city 
no overseas sales 
stock code HBCV000000Z0A3","["""" home page"""",""""supermarket"""",""""beverage products"""","""" still drink"""",""""beverage powders""""]",https://www.hepsiburada.com/kent-boringer-freshers-portakal-aromali-granul-icecek-300-gr-pm-HBC000000Z0A2,https://productimages.hepsiburada.net/s/61/500/110000002128011.jpg,99.99,,Kent Boringer,Powder Concentrates,Pack Type: Jar; Weight: 300; Flavour: orange; Pack Material Type: Plastic; Concentrate Format: powder; Juice Content: 0-2%
81709213,amazon,Germany,"6x klosterneuburg abbey - apple juice Golden Delicious, naturally cloudy - 1000ml",,"["""" food and drink"""","""" beverages, coffee, tea"""","""" fruit juices""""]",https://www.amazon.de/Stift-Klosterneuburg-Apfelsaft-Delicious-naturtr%C3%BCb/dp/B07BL3R8X7/ref=sr_1_2956?dchild=1&qid=1586513074&s=grocery&sr=1-2956,https://m.media-amazon.com/images/I/41viXdEMsIL._AC_UL320_ML3_.jpg,41.47,,Stift,Not from Concentrate 100% Juice,Volume: 1000; Pack Type: Bottle; Flavour: apple; Pack Material Type: Glass; Made From: apple; Carbonization: still
817999463,amazon,USA,Kutztown Root Beer - 12 oz (72 Glass Bottles),"* * *
## Important information 
Legal Disclaimer 
Statements regarding dietary supplements have not been evaluated by the FDA and are not intended to diagnose, treat, cure, or prevent any disease or h","["""" Grocery & Gourmet Food"""","""" Beverages"""","""" Bottled Beverages, Water & Drink Mixes"""","""" Soda Soft Drinks""""]",https://www.amazon.com/Kutztown-Root-Beer-Glass-Bottles/dp/B0CDVHPLP4/ref=sr_1_6606?c=ts&keywords=Soda+Soft+Drinks&qid=1704856595&s=grocery&sr=1-6606&ts_id=16318231,https://m.media-amazon.com/images/I/21JiAeFWFYL._AC_UL320_.jpg,202.22,,Kutztown,Other Non-Cola Carbonates,Juice Content: 0-2%; Pack Type: Bottle; Volume: 355
81938494,amazon,Germany,ikea Juice Flader - elderflower syrup / 0.5 l / 0.5 l,"the Holunderstrauch wearing white flowers, suitable for production of syrup and jam. mix them with water (1: 6) as a table drink or use as Basis in different drinks.","["""" Drinks"""","""" Fizzy Drinks""""]",https://www.amazon.de/-/en/IKEA-Juice-Fl%C3%A4der-Elderflower-syrup/dp/B00RK7AOE8/ref=sr_1_2907?qid=1653919348&s=grocery&sr=1-2907,https://m.media-amazon.com/images/I/41eELTomvtL._AC_UL320_.jpg,38,,Ikea,Liquid Concentrates,Pack Type: Bottle; Pack Material Type: Glass; Flavour: elderflower; Volume: 500; Juice Content: 0-2%
828232988,amazon,USA,"Royal Crown Cola Soda, 12 fl oz, 6 Cans with Mooresville Merchant Decal","Brand Mooresville Merchant 
Number of Items 6 
Unit Count 12.00 Fl Oz 
* * *
About this item 
* Unveil the taste of Royal Crown RC Cola with this 12 fl oz set of 6 cans. 
* Proudly presenting RC Cola,","["""" Grocery & Gourmet Food"""","""" Beverages"""","""" Bottled Beverages, Water & Drink Mixes"""","""" Soda Soft Drinks""""]",https://www.amazon.com/Royal-Crown-Mooresville-Merchant-Decal/dp/B0CF6YQVL8/ref=sr_1_3004?c=ts&keywords=Soda+Soft+Drinks&qid=1698204212&s=grocery&sr=1-3004&ts_id=16318231,https://m.media-amazon.com/images/I/71bKNrP+IYL._AC_UL320_.jpg,21.98,659359308765,Royal Crown,Other Non-Cola Carbonates,Caffeine: 0-15 mg; Volume: 355; Carbonization: carbonated; Pack Type: Can; Juice Content: 0-2%; Pack Material Type: Metal
831590815,Trendyol,Turkey,with coffee milk drink latte 330 ml ( 12 pieces ),"undefined sales of the product you have examined the price is determined by the seller.., sec with coffee milk drink latte 330 ml ( 12 pieces ), more than this product 10 can be ordered. over 10 cance","[""""supermarket"""",""""food"""",""""milk""""]",https://www.trendyol.com/sek/kahveli-sutlu-icecek-latte-330-ml-12-adet-p-759976374,https://cdn.dsmcdn.com///ty996/product/media/images/prod/SPM/PIM/20230907/00/3d3e608d-ab0b-3fb0-be68-0bba21b823d2/1_org_zoom.jpg,907.2,,SEK,RTD Coffee,"Carbonization: still; Flavour: latte, coffee; Juice Content: 0-2%; Pack Material Type: Paper / Carton; Pack Type: Liquid Carton; RTD Coffee Style: latte; Volume: 330"
85145124,ICA,Sweden,carbonated water Citrus 50cl frameless,ICA has the ambition that always give you the right information. minor changes in the content of the products can take place over time and we therefore asks you to always check before use the informat,"["""" drink"""","""" water"""","""" small water"""","""" flavored water""""]",https://www.ica.se/handla/kategori/dryck-id_306/produkt/vatten-kolsyrad-citrus-50cl-ramlosa-id_p_7310070001726/?s=ica-supermarket-sabbatsberg-id_13026,"https://assets.icanet.se/t_product_large_2x_v1,f_auto/7310070001726.jpg",15.9,7310070001726,Ramlösa,Sparkling Flavoured Bottled Water,"Juice Content: 0-2%; Caffeine: 0-15 mg; Carbonization: carbonated; Water Type: mineral; Flavour: citrus; Pack Type: Bottle; Volume: 500; Naturally derived: natural flavours, natural acids, natural; Pack Material Type: Plastic"
85579740,amazon,Spain,Tate & Lyle 750 ml syrup vanilla - pack of 4,"Tate & Lyle 750 ml syrup vanilla - pack of 4
Tate & Lyle
750ml (x4)
Quantity: 4","["""" alimentation and drinks"""","""" coffee, tea and drinks"""","""" coffee and espresso""""]",https://www.amazon.es/Tate-Lyle-750-Jarabe-Vainilla/dp/B01LYJY8MG/ref=sr_1_6535?qid=1570786775&s=grocery&sr=1-6535,https://m.media-amazon.com/images/I/31M8J88FrqL._AC_UL320_.jpg,57.61,,Tate & Lyle,Liquid Concentrates,Pack Material Type: Glass; Pack Type: Bottle; Flavour: vanilla; Juice Content: 0-2%; Volume: 750
856666168,Walmart,USA,"HYYYYH DIET GINGER ALE """" Low Cal throat burner"""" beware; you'll cough!, 12- Ounce Glass Bottle ( Pack of 12)","HYYYYH DIET GINGER ALE """" Low Cal throat burner"""" beware; you'll cough!, 12- Ounce Glass Bottle ( Pack of 12)","["""" Food"""","""" Beverages"""","""" Soda Pop"""","""" Ginger ale""""]",https://www.walmart.com/ip/HYYYYH-DIET-GINGER-ALE-LowCal-throat-burner-beware-you-ll-cough-12-Ounce-Glass-Bottle-Pack-of-12/5134997779,https://i5.walmartimages.com/asr/c7d85533-2ab0-4ebb-92af-993174a50c68.7e371d4d5b235765c8f6e0486f620582.jpeg,57.62,,Blenheim,Tonic Water/Mixers/Other Bitters,Volume: 355; Pack Type: Bottle; Carbonization: carbonated; Flavour: ginger; Juice Content: 0-2%
857369736,Walmart,USA,NOS Sugar Free High Performance Energy Drink 16 oz Cans - Pack of 12,""""" Flavor: Sugar Free High Performance."""" ; Brand NOS","["""" Food"""","""" Beverages"""","""" Energy Drinks"""","""" Energy Drinks""""]",https://www.walmart.com/ip/NOS-Sugar-Free-High-Performance-Energy-Drink-16-oz-Cans-Pack-of-12/634540631?classType=REGULAR,https://i5.walmartimages.com/seo/NOS-Sugar-Free-High-Performance-Energy-Drink-16-oz-Cans-Pack-of-12_4af47817-5037-4437-9570-e2a77c14a867.d0022eb094d738e3bd2eddd10670da5c.jpeg,39.45,,NOS,Energy Drinks,"Volume: 473; Pack Type: Can; Juice Content: 0-2%; Carbonization: still; Health Claims: no sugar, energy boosting"
877744142,Walmart,USA,Parrot Brand Coconut Water with Pulp 11.5 fl. oz. ( Pack of 24),""""" Parrot Brand Coconut Water with Pulp 11.5 fl. oz. ( Pack of 24)"""" ; Brand Parrot","["""" Food"""","""" Beverages"""","""" Water"""","""" Coconut Water""""]",https://www.walmart.com/ip/Parrot-Brand-Coconut-Water-with-Pulp-10-5-fl-oz-Pack-of-24/5327768642?classType=REGULAR,https://i5.walmartimages.com/seo/Parrot-Brand-Coconut-Water-with-Pulp-10-5-fl-oz-Pack-of-24_d8010f9d-09b1-4232-b92e-861d1538ea27.35a3ff27c7d5e5dbec3726f38e509b17.jpeg,64.45,,Parrot Brand,Coconut and Other Plant Waters,Carbonization: still; Water Type: coconut; Volume: 340; Pack Type: Can; Juice Features: with pulp; Juice Content: 0-2%; Made From: coconut; Flavour: coconut
888894116,Trendyol,Turkey,100% pomegranate juice glass 1 lt. (6's),"undefined sales of the product you have examined the price is determined by the seller.., sunpride %100 pomegranate juice glass 1 lt. (6's), more than this product 10 can be ordered. over 10 cancel or","[""""supermarket"""",""""food"""","""" still drinks""""]",https://www.trendyol.com/sunpride/100-nar-suyu-cam-1-lt-6-li-p-800343253,https://cdn.dsmcdn.com///ty1148/product/media/images/prod/SPM/PIM/20240125/23/a5c65a9e-0362-31dd-b5fb-11699680cabf/1_org_zoom.jpg,734.74,,Sunpride,Not from Concentrate 100% Juice,Made From: pomegranate; Carbonization: still; Pack Type: Bottle; Volume: 1000; Pack Material Type: Glass; Flavour: pomegranate; Juice Content: 100%
896422461,amazon,USA,"Monster Ultra Energy Drink || Zero Sugar Cans || 8 Pack (16 Fl Oz, Ultra Fantasy Ruby Red)","* * *
## Important information 
[ingredients_start]
Ingredients 
Energy drink 
[ingredients_end]

Legal Disclaimer 
Statements regarding dietary supplements have not been evaluated by the FDA and are ","["""" Grocery & Gourmet Food"""","""" Beverages"""","""" Bottled Beverages, Water & Drink Mixes"""","""" Energy Drinks""""]",https://www.amazon.com/dp/B0CVN1F9ZG,https://m.media-amazon.com/images/I/81MhEzMnnAL._AC_UL320_.jpg,32.6,,Ultra Energy,Energy Drinks,"Volume: 473; Pack Material Type: Metal; Health Claims: no sugar, energy boosting; Pack Type: Can; Juice Content: 0-2%"
89712836,amazon,France,caribbean guava 6x75 cl - sold by piece - free delivery in france,"drinks
juice
other fruits
caribbean guava 6x75cl","["""" grocery"""","""" coffee, tea and drinks"""","""" syrups and concentrated juices""""]",https://www.amazon.fr/Caraibos-Goyave-6X75Cl-Livraison-Gratuit/dp/B07L7HHL23/ref=sr_1_420?s=grocery&ie=UTF8&qid=1545488305&sr=1-420,https://images-eu.ssl-images-amazon.com/images/I/41epjciRcAL._AC_US200_.jpg,51.99,,Caraibos,Liquid Concentrates,Pack Type: Bottle; Flavour: guava; Geographic Origin: france; Volume: 750; Pack Material Type: Metal; Juice Content: 100%
908708287,Hepsiburada,Turkey,gulsah lemon flavored beverage powder 300 gr x 2,"lemon flavored beverage powder 300 gr x 2 brand gulsah 
type flavored powder 
Aroma lemon 
other warranty period ( moon) 1 
no overseas sales 
stock code HBCV0000190KJ2","["""" home page"""",""""supermarket"""",""""beverage products"""","""" still drink"""",""""beverage powders""""]",https://www.hepsiburada.com/gulsah-limon-aromali-icecek-tozu-300-gr-x-2-pm-HBC0000190KIZ,https://productimages.hepsiburada.net/s/163/500/110000121665703.jpg,149.9,,Gülşah,Powder Concentrates,Flavour: lemon; Weight: 300; Pack Type: Bag/Packet; Juice Content: 0-2%; Concentrate Format: powder
913056386,Hepsiburada,Turkey,seven days orange flavored soda box 4x250 ml ( 1 pc ),"seven days orange flavored soda box 4x250 ml ( 1 pc ) brand seven days 
no overseas sales 
stock code HBCV00004Y2H7V","["""" home page"""",""""supermarket"""",""""beverage products"""","""" carbonated drinks"""","""" Kola""""]",https://www.hepsiburada.com/yedigun-portakal-aromali-gazoz-kutu-4x250-ml-1-adet-pm-HBC00004Y2H7U,https://productimages.hepsiburada.net/s/464/500/110000501297392.jpg,237.59,,Yedigun,Orange Carbonates,Flavour: orange; Volume: 250; Pack Type: Carton/Box; Juice Content: 0-2%; Carbonization: carbonated
915575392,safeway,USA,Jones Root Beer Soda - 4-12 Fl. Oz.,,"["""" Beverages"""","""" Soft Drinks"""","""" Specialty & Natural Soda""""]",https://www.safeway.com/shop/product-details.960256481.html,https://images.albertsons-media.com/is/image/ABS/960256481,8.99,620221240087,Jones,Other Non-Cola Carbonates,Pack Type: Bag in Box; Volume: 355; Juice Content: 0-2%
929526481,amazon,United Kingdom,"Boost Energy Drink, 250ml x 48 pack, (24 x Original Zero Sugar and 24 x Exotic Fruits) - Vegan Friendly Great Tasting Energy Boost, Only 50 kcals per can","## Product information 
# Technical Details 
##### General Information 
Units ‎12000.0 millilitre 
Brand ‎ Aammus 
Format ‎ Liquid 
Manufacturer ‎ Boost 
# Additional Information 
ASIN B0D14P34V8 
Dat","["""" Grocery"""","""" Drinks"""","""" Energy Drinks""""]",https://www.amazon.co.uk/dp/B0D14P34V8,https://m.media-amazon.com/images/I/71Yyi75pZiL._AC_UL320_.jpg,28.99,,Boost,Energy Drinks,"Volume: 250; Energy Source: b-vitamins; Caffeine: 25-50 mg; Sweetener: aspartame, acesulfame potassium; Health Claims: no sugar, energy boosting; Juice Content: 0-2%; Carbonization: carbonated"
929773096,amazon,United Kingdom,"Boost Energy Drink, 250ml x 48 pack, (24 x Cherry & 24 x Lemon Lime) - Vegan Friendly Great Tasting Energy Boost, Only 50 kcals per can","## Product information 
# Technical Details 
##### General Information 
Units ‎12000.0 millilitre 
Brand ‎ Aammus 
Format ‎ Liquid 
Age Range Description ‎ Adult 
Package Information ‎ Can 
Package In","["""" Any Department"""","""" Grocery"""","""" Drinks"""","""" Energy Drinks""""]",https://www.amazon.co.uk/dp/B0CZLDSLTG,https://m.media-amazon.com/images/I/71k4vaPn2KL._AC_UL320_.jpg,28.99,,Boost,Energy Drinks,"Volume: 250; Sweetener: aspartame, acesulfame potassium; Juice Content: 15-25%; Flavour: lemon, lime, cherry; Caffeine: 25-50 mg; Health Claims: energy boosting; Energy Source: b-vitamins; Carbonization: carbonated"
93447077,ICA,Sweden,Juice freshly pressed orange 850ml brämhults,ICA has the ambition that always give you the right information. minor changes in the content of the products can take place over time and we therefore asks you to always check before use the informat,"["""" dairy, cheese & eggs"""","""" Juice, fruit drink & smoothie"""","""" orange juice""""]",https://www.ica.se/handla/produkt/juice-nypressad-apelsin-850ml-bramhults-id_p_7313619000020,"https://assets.icanet.se/t_product_large_2x_v1,f_auto/7313619000020.jpg",40.9,7313619000020,Brämhults,Not from Concentrate 100% Juice,Volume: 850; Flavour: orange; Juice Features: smoothie; Pack Type: Bottle; Made From: orange; Juice Content: 100%; Pack Material Type: Plastic; Carbonization: still
939754243,Walmart,USA,"Jose Cuervo Strawberry Lime Margarita Mix, 33.8 fl oz",""""" None"""" ; Cocktail Mixer Type Margarita Cocktail Mixer ; Food Form Liquids ; Container Type Bottle ; Brand Jose Cuervo","["""" Food"""","""" Beverages"""","""" Cocktail Mixers"""","""" Margarita Mix""""]",https://www.walmart.com/ip/Jose-Cuervo-Strawberry-Lime-Margarita-Mix-33-8-fl-oz/5777607595?classType=REGULAR,https://i5.walmartimages.com/seo/Jose-Cuervo-Strawberry-Lime-Margarita-Mix-33-8-fl-oz_09db2cfb-c4a4-4ec7-991c-dd4cb8b595ae.281ee00b4fecd6db6b8b3c77660de5e8.jpeg,13.8,,José Cuervo,Liquid Concentrates,"Pack Type: Bottle; Volume: 1000; Flavour: strawberry, lime; Juice Content: 0-2%"
953516496,Target,USA,"Cock n Bull Ginger Beer 6 Pack 12oz Soda Bottles - Ideal Mixer for Cocktails, Mocktails, and Bartenders - Made In USA","
[ingredients_start]
 Does Not Contain Any of the 9 Major Allergens Alcohol content: Non- Alcoholic Product Name: Cock n Bull Ginger Beer 12oz Soda Bottles - Ideal Mixer for Cocktails, Mocktails, and ","["""" Grocery"""","""" Beverages"""","""" Cocktail Mixers""""]",https://www.target.com/p/cock-n-bull-ginger-beer-6-pack-12oz-soda-bottles-ideal-mixer-for-cocktails-mocktails-and-bartenders-made-in-usa/-/A-92572610,https://target.scene7.com/is/image/Target/GUEST_a709262f-ce96-4530-9e70-1596720ae521,21.98,810158580992,Cock N Bull,Tonic Water/Mixers/Other Bitters,"Flavour: ginger; Juice Content: 0-2%; Immune Support Ingredients: ginger; Volume: 355; Naturally derived: natural; Geographic Origin: united states; Pack Type: Bottle; Health Claims: no sugar; Free From: no alcohol, no caffeine"
95726884,amazon,France,"bjorg - juice prunes, ab certified - the 3 bottles of 750 ml - sold by piece - free delivery in france","juice, syrup, Nectar
other fruits
bjorg
juice prunes, ab certified
the 3 bottles of 750ml","["""" grocery"""","""" coffee, tea and drinks""""]",https://www.amazon.fr/Bjorg-Pruneaux-Certifi%C3%A9-Bouteilles-Livraison/dp/B07BLM3DJY/ref=sr_1_8368?qid=1559830087&s=grocery&sr=1-8368,https://m.media-amazon.com/images/I/41Y4Ee4DeoL._AC_UL320_.jpg,38.35,,Bjorg,Liquid Concentrates,Volume: 750; Pack Material Type: Glass; Geographic Origin: france; Pack Type: Bottle; Juice Content: 0-2%
957830195,amazon,United Kingdom,Org Lime Juice (250ml) 10 Pack Bulk Savings,"Number of items 10 
Unit count 2500.00 millilitre 
Brand Sunita 
Flavour Lime 
Item form Liquid 
Package information Bottle 
Age range (description) Adult 
Item volume 250 Millilitres 
See more 
## Pr","["""" Grocery"""","""" Drinks"""","""" Juice & Smoothies""""]",https://www.amazon.co.uk/dp/B00JNUEM20,https://m.media-amazon.com/images/I/61e8K7KyHeL._AC_UL320_.jpg,31.44,,Sunita,Not from Concentrate 100% Juice,Made From: lime; Juice Features: smoothie; Flavour: lime; Pack Material Type: Glass; Juice Content: 0-2%; Volume: 250; Pack Type: Bottle; Carbonization: still
959358962,Walmart,USA,Peach Fling Flavored Water 6 Pack 16.9oz Bottles,""""" Peach Fling Flavored Water 6 Pack 16.9oz Bottles"""" ; Container Type Bottle ; Flavor Fruit, Peach ; Brand Unbranded","["""" Food"""","""" Beverages"""","""" Water"""","""" Flavored Water"""","""" All Flavored Water""""]",https://www.walmart.com/ip/Peach-Fling-Flavored-Water-6-Pack-16-9oz-Bottles/15965972896?classType=VARIANT,https://i5.walmartimages.com/seo/Dana-Market-Clear-Fruit-Peach-Fling-Flavored-Water-6-Pack-16-9-oz-Bottles_4a93749d-e456-4d64-b973-f7437e9b2609.0e2471a0ba07137f402b8e089a95e9f5.jpeg,30.87,660777184596,Clear Fruit,Still Flavoured Bottled Water,Volume: 500; Flavour: peach; Pack Type: Bottle; Juice Content: 0-2%; Water Type: flavoured; Carbonization: still
963634364,amazon,USA,Red Rock Premium Peach Soda - 12 oz (24 Glass Bottles),"Brand Beverages Direct 
Unit Count 24.00 Fl Oz 
Shelf Life 365 Days 
Manufacturer Beverages Direct 
* * *
# About this item 
* Product shelf life: 365.0 days 
* * *
## Important information 
Legal Dis","["""" Grocery & Gourmet Food"""","""" Beverages"""","""" Bottled Beverages, Water & Drink Mixes"""","""" Soda Soft Drinks""""]",https://www.amazon.com/dp/B0D1PCPCVS,https://m.media-amazon.com/images/I/31LPKhR-auL._AC_UL320_.jpg,78.16,,Red Rock,Other Non-Cola Carbonates,Carbonization: still; Volume: 355; Flavour: peach; Juice Content: 0-2%; Pack Type: Bottle
96647181,amazon,France,organic garden - pure organic lemon juice btle 500 ml - unit price - delivery free in metropolitan france within 3 open days,"salty grocery
dietetic
organic
garden pure organic organic lemon juice btle 50cl","["""" grocery"""",""""pasta and noodles""""]",https://www.amazon.fr/Jardin-Bio-Unitaire-Livraison-M%C3%A9tropolitaine/dp/B07MDSJDSQ/ref=sr_1_1154?qid=1555255531&s=grocery&sr=1-1154,https://images-eu.ssl-images-amazon.com/images/I/31lF-pJaLZL._AC_US200_.jpg,23.99,,Jardin Bio,Not from Concentrate 100% Juice,Pack Material Type: Glass; Volume: 500; Made From: lemon; Carbonization: still; Sustainable Sourcing: organic; Juice Content: 100%; Pack Type: Bottle; Flavour: lemon
966822508,Walmart,USA,Private Selection Vanilla Cold Brew Coffee - 48 fl oz,""""" 
* * Nutrition Facts 
* 4.0 Exact servings per container 
* Serving size 
* Amount per serving 
* Calories 
* % Daily value* 
* * The % Daily Value (DV) tells you how much a nutrient in a serving of","["""" Food"""","""" Coffee"""","""" Bottled Coffee"""","""" Cold Brew Coffee""""]",https://www.walmart.com/ip/Private-Selection-Vanilla-Cold-Brew-Coffee-48-fl-oz/8647251799?classType=REGULAR,https://i5.walmartimages.com/seo/Private-Selection-Vanilla-Cold-Brew-Coffee-48-fl-oz_5897bac8-b865-4bff-ad4f-ed037f39a95d.2ba99db4188035339b37e23b5b995137.jpeg,9.91,,Private Selection,RTD Coffee,"RTD Coffee Style: cold brew; Pack Type: Bottle; Volume: 1420; Juice Content: 0-2%; Carbonization: still; Flavour: vanilla, coffee"
