gtin1,gtin2,true_label
198717100493,739781523438,1
198717100493,751901631939,1
231302714337,758106228582,1
3268650006057,3268650606059,1
3448784302007,3448784308689,1
352154336161,811130031631,1
3700749300108,3700749302225,1
4000349860088,5010102001978,1
4009491022078,4009491028186,1
4104760401865,4104760411864,1
5000382032700,5000382037774,1
5051469120407,5051469122401,1
5060671000001,5060671000537,1
5201156031954,5201156121105,1
5410221306150,8414100363842,1
5705001432052,5705010079347,1
5999076228607,5999076232000,1
616003741361,616003895644,1
6415130086062,6415130086079,1
6415130086062,6415130086086,1
6415130086079,6415130086086,1
6415712502256,6415712502874,1
6415712502256,6415718072180,1
6417802586245,7310470586236,1
6427401300005,6427401301002,1
6430032800516,6430032800769,1
666945268358,666945268471,1
688267075025,688267075049,1
697937379080,763351603541,1
7035620038082,7035620047954,1
7035620050077,7037400054435,1
7310401007151,7310401051741,1
7313619000655,7313619000662,1
7313619001089,7313619001393,1
7330605001250,7330605001281,1
7350021422309,7350021422323,1
7350089430704,7350089431022,1
7350089431015,7350089431121,1
739781523438,751901631939,1
747519475737,758106228582,1
747519475737,763515912137,1
758106228582,763515912137,1
7611612404310,7611612514866,1
7611612404341,7611612514712,1
786173988177,798235648066,1
810164203144,810164203205,1
811374035341,811374035372,1
8410128480677,8435425108857,1
8410981093205,8410981093441,1
850010701202,850010701561,1
850010701707,850010701714,1
851220003018,851220003605,1
857075007096,857075007102,1
8710624096328,8710624345662,1
8710624349240,8718989000523,1
8713300048659,8713300079653,1
8713300048659,8720157463863,1
8715600240641,8715600243789,1
8715600243949,8715600249316,1
3119070910472,3119070912155,0
3292482220046,3292482520016,0
3564700003213,3564700003329,0
3700749300016,3700749300023,0
3700749300016,3700749300115,0
3700749300023,3700749300115,0
3700749300023,3700749305059,0
3700749300085,3700749302225,0
3700749300115,3700749305059,0
3700749302218,3700749305158,0
3700749302225,3700749305042,0
3700749302225,3700749305080,0
3760195900000,3760195902318,0
4013143110570,4013143110587,0
4061459979169,4088600388823,0
4088600124070,4088600270227,0
4710487250428,7427136307576,0
5060268001350,5060268001534,0
5060338921458,5060338921519,0
5201627019887,5201627020043,0
5202178081040,5202178084362,0
5202178082719,5202178082726,0
5206769233030,5206769333051,0
5410013306108,5410013330011,0
5449000039231,5449000198174,0
5741000117255,5741000139783,0
601960610379,601960610423,0
601960610416,601960610454,0
620221200098,620221200128,0
620221200098,620221200265,0
634740013701,769553420931,0
637480065139,637480065146,0
6415600551373,6415600555098,0
6415600558228,6415600560603,0
6415600558228,6415600571388,0
6415600558228,6415600585156,0
6415711803255,6438574283774,0
6415712400323,6415712508944,0
6415712400323,6415712614188,0
6415712400323,6438574025916,0
6415712505745,6415712611040,0
6415712507831,6415712507855,0
6415712507916,6415712508050,0
6415712508944,6415712614188,0
6415712508944,6415712614287,0
6415712508944,6438574025916,0
6415712510879,6415712510947,0
6415712610593,6415712610951,0
6415712614188,6415712614287,0
6415712614287,6438574025916,0
6416884000014,6416884000076,0
6416884206621,6416884207451,0
6416884207598,6416884207659,0
6417800031839,6417802363211,0
6418785004610,6418785004641,0
6419800051190,6419800053972,0
6419800053439,6419806053419,0
6419800053743,6419806053730,0
6430039223615,6430039224629,0
671785501008,769553420498,0
671785501824,769553420498,0
680332585125,680332585200,0
688267001222,688267001253,0
697937228531,697937380901,0
7033850006178,7033850006208,0
7040518510427,7040518510434,0
7044610874746,7044610874852,0
7044610874913,7044610876627,0
7044610876016,7044610876023,0
7044610876313,7044610876658,0
7044610876665,7044614877125,0
7070841003563,7070841005871,0
714834004348,714834004942,0
7310070001726,73145721,0
7310070007285,7310070154705,0
7310401039374,7310401049274,0
7310401048635,7310401051758,0
7310401049434,7310403034568,0
7314720736204,7314720736235,0
732623639243,732623769018,0
7340011470342,7340191118317,0
7340083463242,7340083489907,0
7340083468049,7611612404310,0
7350068170072,7350068172687,0
7350068170072,7350068177071,0
7350068170089,7350068171734,0
7350068170089,7350068172601,0
7350068170102,7350068172663,0
7350068170577,7350068172687,0
7350068170577,7350068177071,0
7350068170591,7350068171598,0
7350068170591,7350068172618,0
7350068170591,7350068177095,0
7350068171598,7350068172618,0
7350068171598,7350068177095,0
735143004119,735143004355,0
7443018930052,7443018930120,0
7611612221580,7611612221658,0
7611612404372,7611612404464,0
7611612510172,7611612520164,0
7611612510189,7611612520102,0
7611612510189,7611612520157,0
7611612513722,7611612514729,0
7611612516051,7611612520164,0
7611612524926,7611612524957,0
7611612524964,7611612524995,0
7613312339022,7616800835280,0
789287100329,789287100640,0
798235720458,851818001631,0
799210375021,799210375038,0
8032891603499,8032891604816,0
810031200092,857416006245,0
810036262576,810036265348,0
810065687784,867801000109,0
810132093364,810132093388,0
810158580787,810158580794,0
810158581272,810158581289,0
810158581388,810158581395,0
810158581388,810158581418,0
810164200396,810164201171,0
815154020183,815154020947,0
8410128168179,8410128278113,0
8410128480691,8435425100134,0
8410128480691,8435425107959,0
8410408012918,8410408050361,0
8411902000296,8411902002351,0
8427406016213,8427406016237,0
8433329000864,8433329000871,0
8433329089890,8433329089937,0
8433329089944,8433329089968,0
8433329089968,8433329122962,0
8433329120975,8433329121019,0
8436046349162,8436046349223,0
8437010011016,8437010011252,0
8437017153023,8437017153276,0
8437017153078,8437017153290,0
8480000290632,8480000290861,0
850005100010,850005100263,0
850018249225,864421000359,0
850044667642,850044667857,0
851280008138,851818001051,0
853471004011,853471004899,0
853471004189,853471004493,0
853471004493,853471004899,0
858176002058,858176002300,0
858176002522,858176002836,0
858690007065,858690007355,0
859801007004,859801007486,0
8690566100515,8693593215375,0
8690574800216,8690574840212,0
8710395945658,8710395945696,0
8710624096199,8710624096366,0
8710624308247,8710624308520,0
8710624308490,8710624349202,0
8710642035774,8710642036085,0
8710725018205,8718989829544,0
8711000258453,8711000870228,0
8711000261514,8711000870198,0
8715600228571,8715600229929,0
8715600245318,8715600245332,0
8718989829407,8718989829544,0
8719153022013,8719153039240,0
9008703000762,9008703000823,0
