self_seconds,ncalls,total_seconds,function
1.317,94223,2.717,/src/core/text.py:574:read
1.262,36,1.282,/src/model_tracks/ablation_retrieval.py:26:ranks
0.992,63150,1.669,/src/core/text.py:68:unicode_casefold
0.742,22205,0.837,/src/core/date_evidence.py:38:extract_date_evidence
0.632,710706,2.492,/src/core/text.py:97:normalized_attribute_text
0.607,23682,5.047,/src/core/url_evidence.py:329:url_text
0.591,16316,0.949,/home/opc/ONE/ER/.venv/lib/python3.14/site-packages/pandas/core/arrays/string_arrow.py:195:_from_sequence
0.495,31149,2.659,/home/opc/ONE/ER/.venv/lib/python3.14/site-packages/pandas/core/construction.py:531:sanitize_array
0.487,145534,2.088,/src/core/url_evidence.py:231:_is_noise
0.389,7400,14.610,/src/core/attribute_decision.py:749:reparse
0.366,36,0.991,/src/model_tracks/ablation_retrieval.py:45:ann_hits
0.360,251,1.651,/src/model_tracks/ablation.py:119:digest
0.352,4441,1.820,/src/core/product_dimensions.py:54:row_dimensions
0.350,29805,5.201,/src/core/critical_attributes.py:228:extract_critical_claims
0.314,34948,0.427,/src/core/critical_attributes.py:184:extract_declared_flavor_tokens
0.297,23715,3.947,/home/opc/ONE/ER/.venv/lib/python3.14/site-packages/pandas/core/series.py:369:__init__
0.269,25164,0.595,/src/core/text.py:730:attribute_fields
0.269,101317,0.517,/src/core/url_evidence.py:286:_has_unit_suffix
0.257,106771,0.266,/home/opc/ONE/ER/.venv/lib/python3.14/site-packages/pandas/core/arrays/arrow/array.py:818:__iter__
0.243,34532,0.533,/src/core/text.py:383:_VOLUME_SEARCH
0.240,11841,1.687,/src/core/sweetener_values.py:62:negated_sweetener_types
0.234,161810,0.401,/src/core/url_evidence.py:46:_spec
0.232,1,2.497,/src/model_tracks/ablation.py:754:_comparison_rows
0.227,11857,2.344,/home/opc/ONE/ER/.venv/lib/python3.14/site-packages/pandas/core/indexes/base.py:486:__new__
0.224,4441,23.752,/src/core/sku_identity.py:378:row_identity
0.221,32564,2.058,/src/core/sweetener_values.py:37:title_sweetener_types
0.205,11847,0.331,/home/opc/ONE/ER/.venv/lib/python3.14/site-packages/pandas/core/indexes/base.py:7837:maybe_sequence_to_range
0.200,57886,0.633,/home/opc/ONE/ER/.venv/lib/python3.14/site-packages/pandas/core/dtypes/common.py:1821:pandas_dtype
0.190,7400,1.258,/src/core/attribute_universe.py:347:parse
0.175,16295,0.360,/home/opc/ONE/ER/.venv/lib/python3.14/site-packages/pandas/core/dtypes/cast.py:127:maybe_convert_platform
0.172,34532,0.810,/src/core/text.py:421:_extract_volume_match_legacy
0.171,13913,0.329,/src/core/sweetener_values.py:77:declared_sweeteners
0.161,61069,0.556,/src/core/text.py:75:normalize_text
0.158,42723,0.188,/src/core/unit_canonicalization.py:53:_decimal
0.152,94223,2.902,/src/core/text.py:624:extract_volume_evidence
0.142,161817,0.142,/src/core/common.py:911:__getattr__
0.137,258295,0.312,/home/opc/ONE/ER/.venv/lib/python3.14/site-packages/pandas/core/dtypes/generic.py:43:_instancecheck
0.130,16305,0.304,/home/opc/ONE/ER/.venv/lib/python3.14/site-packages/pandas/core/arrays/string_.py:196:__init__
0.126,111444,0.126,/src/core/text.py:261:__getattr__
0.122,4441,28.885,/src/model_tracks/ablation.py:248:_compose
