attribute,catalog_rows,catalog_share,original_positive_both_observed,original_positive_one_observed,original_positive_neither_observed,original_positive_conflict,original_positive_both_share,original_negative_both_observed,original_negative_one_observed,original_negative_neither_observed,original_negative_conflict,original_negative_both_share,augmented_positive_both_observed,augmented_positive_one_observed,augmented_positive_neither_observed,augmented_positive_conflict,augmented_positive_both_share,augmented_negative_both_observed,augmented_negative_one_observed,augmented_negative_neither_observed,augmented_negative_conflict,augmented_negative_both_share,consumed_positive_both_observed,consumed_positive_one_observed,consumed_positive_neither_observed,consumed_positive_conflict,consumed_positive_both_share,consumed_negative_both_observed,consumed_negative_one_observed,consumed_negative_neither_observed,consumed_negative_conflict,consumed_negative_both_share
volume,56891,0.9039069575303071,22294,765,1302,0,0.9151512663683757,7984,71,37,1058,0.9866534849233811,23793,7687,1771,0,0.7155574268443055,5832,481,151,1710,0.9022277227722773,5009,442,81,0,0.9054591467823572,5002,417,113,1199,0.9041937816341287
pack,17502,0.2780787746866013,4252,1184,18925,66,0.17454127498871147,623,1372,6097,446,0.07698961937716263,4599,2803,25849,67,0.1383116297254218,691,817,4956,248,0.10689975247524752,892,164,4476,1,0.16124367317425886,510,878,4144,251,0.09219088937093275
package_type,46828,0.7440219895454329,17898,2707,3756,0,0.7346989039858791,7267,662,163,396,0.898047454275828,19490,8808,4953,0,0.5861477850290217,5103,916,445,577,0.7894492574257426,4519,652,361,0,0.8168835864063629,4462,641,429,408,0.8065798987707882
flavor,49608,0.7881917412097428,19440,654,4267,0,0.797996798160995,6069,367,1656,685,0.75,22265,5013,5973,0,0.6696039216865658,4834,400,1230,1472,0.7478341584158416,3838,279,1415,0,0.6937816341287057,3773,360,1399,759,0.6820318148951554
carbonation,51036,0.8108803762373091,20337,999,3025,0,0.834817946718115,7634,244,214,32,0.9434008897676718,21948,7272,4031,0,0.6600703738233437,5486,566,412,169,0.848700495049505,4682,513,337,0,0.8463485177151121,4663,516,353,73,0.8429139551699205
sweetener_type,23182,0.3683248860007309,11113,2232,11016,0,0.45617995977176634,2803,1105,4184,241,0.3463914977755808,12215,5673,15363,0,0.36735737271059515,2419,819,3226,288,0.37422648514851486,1930,489,3113,0,0.34887924801156905,1768,691,3073,221,0.3195950831525669
sweetening,4810,0.07642320341918366,1953,1172,21236,0,0.08016912277821107,86,659,7347,8,0.010627780523974296,2146,1983,29122,0,0.0645394123485008,234,398,5832,8,0.03620049504950495,268,141,5123,0,0.04844540853217643,146,310,5076,5,0.02639190166305134
sweetener,20819,0.33078059708606744,9675,2935,11751,394,0.39715118426993967,2511,1984,3597,72,0.310306475531389,10378,6549,16324,433,0.312110913957475,2115,1334,3015,155,0.32719678217821785,1766,648,3118,60,0.31923355025307304,1492,1077,2963,73,0.26970354302241506
pulp,1278,0.02030537504567915,588,168,23605,0,0.024136940191289355,129,657,7306,2,0.015941670785961443,631,415,32205,0,0.01897687287600373,119,351,5994,3,0.018409653465346534,173,49,5310,0,0.03127259580621836,79,241,5212,0,0.01428054953000723
package_material,46300,0.7356329144091899,18501,2335,3525,0,0.7594515824473543,5676,1888,528,1908,0.7014335145823035,19820,8595,4836,0,0.5960722985774863,4433,1350,681,1113,0.6857982673267327,4085,688,759,6,0.7384309472161966,3761,1195,576,1204,0.6798626174981923
juice_content,55203,0.8770873385341362,0,21050,3311,0,0.0,0,7200,892,0,0.0,0,22378,10873,0,0.0,0,5365,1099,0,0.0,12,4511,1009,2,0.0021691973969631237,1037,3484,1011,0,0.18745480838756326
